frame,object_name,yolo_confidence,depth_ft,used_vlm,output_text,latency_ms,direction
1,person,0.263,29.48,1,"the image depicts a scene on a sidewalk where two individuals are walking past a blue chair that is positioned in the center of the frame. the chair has a unique feature - it's covered with fur. this could pose a potential hazard, especially for those who might accidentally come into contact with it and slip or get injured due to the slippery surface.

given this information, i recommend that your blind user ""move right"" in order to avoid walking past this chair. it's important to note that even though the chair is on a sidewalk, its fur-covered seat could be dangerous and should be navigated around carefully.",12845.69,right
2,bench,0.261,28.8,1,"1) the object in the image appears to be a pair of shoes, specifically brown boots.
2) the boots are located on the right side of the image.
3) the boots appear to be dirty and have laces. there is also a chair nearby that has someone sitting on it.
4) based on the location of the shoes near the edge of the frame, i recommend moving left. this will help avoid stepping on the boots or accidentally tripping over them.
5) the reason for this recommendation is to ensure safety and prevent any accidents or damage caused by walking into the obstacle inadvertently.",9418.27,left
3,person,0.289,30.83,0,[FAST MODE - HIGH CONF],209.35,left
4,person,0.278,30.19,0,[FAST MODE - HIGH CONF],157.49,left
5,person,0.26,30.15,1,"1) the object appears to be a person, but due to the blurred image, specific details cannot be confidently determined. however, it is clear that there are multiple people in various poses in different positions around the scene.
2) the person in question can be seen walking past other people and objects on the sidewalk. it is difficult to determine their exact position due to the blurred image, but they seem to be moving away from a group of people sitting at tables.
3) the physical characteristics of the person are indistinct due to the low resolution of the image. however, it can be inferred that there are multiple people present in the scene, some sitting and others standing or walking around.
4) it is recommended for the blind user to move cautiously while navigating this area as they may encounter other individuals who might not be aware of their presence. specifically, they should move slowly away from the group of people seated at tables to avoid any potential collisions or interruptions in their path.
5) the reason for these recommendations is that blind individuals often rely on auditory and tactile cues to navigate crowded environments safely. by being aware of their surroundings and moving slowly, they can better perceive the movement and actions of others, allowing them to avoid obstacles or potential hazards more effectively.",16586.21,none
6,person,0.256,28.81,1,"1) the object in the image is a cat, which appears to be sitting on top of a blue chair.
2) the cat is located towards the center of the image.
3) the cat is brown with a long tail that is hanging down from its body. it is currently occupying most of the space on the blue chair.
4) i would recommend navigating by moving away from the cat, as it might be difficult to get comfortable or move around due to its size and positioning.
5) this recommendation is based on the fact that cats can sometimes be territorial and may react negatively if someone tries to approach them when they are resting or sitting in a specific spot. by moving away from the cat, it is less likely to feel threatened or agitated.",11307.82,none
7,person,0.252,30.57,1,"1) the object appears to be a person wearing a white shirt and gray pants, holding onto a pole on the sidewalk.
2) the person is located on the left side of the image.
3) the person is dressed in a casual outfit with white and gray colors. they are holding onto a pole for support, which suggests they might be using it as a guide or balance point. their position on the sidewalk indicates that they are not currently walking but may have been before.
4) based on the image's content, i would recommend ""move right"" if this were an actual situation. it is important to note that this suggestion is based solely on the visual information provided and should not be considered as a definitive recommendation without further context or understanding of the individual's intentions.
5) this recommendation is made because the person seems to have paused, suggesting they might be waiting for someone or something before resuming their walk. they may need assistance navigating or reaching their destination if they are visually impaired. however, it is important to remember that this assessment is based on the limited information provided in the image and should not be considered as a definitive recommendation without further context or understanding of the individual's intentions.",15641.78,left
8,person,0.268,28.46,1,"1) the object in the image appears to be a blue chair, located on a sidewalk.
2) the chair is positioned on the right side of the frame.
3) the blue chair has a sleek design with a curved backrest and armrests. it stands out due to its vibrant color against the more muted tones of the surrounding environment.
4) based on the image, it's difficult to determine any immediate risks associated with the chair. however, i recommend navigating around it if you encounter it in person. ""move right"" or ""stop"" would be appropriate actions depending on your movement direction and personal preference for safety.
5) this recommendation is based on the fact that chairs are often found in public spaces such as parks, sidewalks, and event areas where pedestrians move around. by moving around or stopping near a chair, you can maintain a safe distance from it and avoid any potential tripping hazards or inconveniences while walking.",13615.96,right
9,person,0.253,28.98,1,"1) the object in the image appears to be a blue folding chair with a brown strap hanging from it.
2) it is located on the right side of the frame.
3) the chair is blue, has a brown strap hanging off it, and is placed next to a gray sidewalk. the strap may pose a tripping hazard if not noticed by pedestrians.
4) i would recommend moving slightly to the left to avoid the chair and the gray sidewalk. this way, you can safely navigate around the obstacle without risking injury from the strap or hitting the edge of the sidewalk.
5) moving to the left will allow you to bypass the blue folding chair and any potential tripping hazard it may pose, ensuring a safer walking path for yourself.",11404.21,left
10,person,0.268,29.48,1,"1) the object appears to be a blue chair with a brown purse placed on its armrest. it is located in the center left side of the image.
2) its physical characteristics include being blue, having an armrest for placing items, and a brown color for the purse. there is no indication that it poses any risks to the people around it.
3) a recommended navigation instruction would be ""move right"" as there seems to be enough space in front of the chair for the person standing near it to move freely without bumping into the chair or the brown purse.
4) the reason behind this recommendation is that moving right would allow the person to avoid any potential obstacles or hazards while still maintaining a safe distance from the blue chair and brown purse on its armrest.",11711.05,left
11,person,0.321,30.04,0,[FAST MODE - HIGH CONF],357.28,left
12,person,0.312,29.89,0,[FAST MODE - HIGH CONF],143.97,left
13,person,0.299,29.1,0,[FAST MODE - HIGH CONF],139.45,left
14,person,0.277,28.82,0,[FAST MODE - HIGH CONF],212.86,left
15,person,0.266,28.27,1,"1) the object appears to be a blue folding chair with a brown dog sitting on it.
2) the blue folding chair is located in the center of the image, while the woman is standing next to it.
3) the blue folding chair is blue and has a handle at one end for easy movement. the dog sitting on it is brown and appears to be relaxed. the risks associated with this obstacle are minimal as long as people move around it cautiously.
4) i would recommend moving left from the blue folding chair so that you can pass by safely without disturbing the dog or accidentally bumping into the woman who is standing next to the chair.
5) this is because, in order to navigate around the obstacle safely and efficiently, it's best to move in a direction that doesn't require sudden changes of direction or movement which could result in injury or discomfort for both you and the dog.",25333.65,left
16,person,0.254,27.87,1,"1) the object appears to be a dog, specifically a brown dog with floppy ears. its approximate position is in the center of the image.
2) the dog is located between two blue chairs that are both empty. one chair is on its left and one on its right. there's also another person standing next to it.
3) the dog has a brown coat, floppy ears, and appears to be moving towards someone or something. it might pose risks if it decides to run into the crowd or get startled by sudden movements.
4) i recommend that you ""move right"" away from the dog, giving it enough space to continue its path without feeling threatened or scared. this will allow the dog and the people in the area to maintain a safe distance.
5) it's important to keep your distance from animals when they are not your own, as their behavior can be unpredictable at times. by moving away, you give them space and reduce the risk of startling or stressing the animal. additionally, it shows respect for the dog and its owner by acknowledging its personal space.",14272.36,left
17,person,0.314,28.76,0,[FAST MODE - HIGH CONF],246.17,left
18,potted plant,0.29,19.39,0,[FAST MODE - HIGH CONF],188.53,left
19,potted plant,0.31,22.34,0,[FAST MODE - HIGH CONF],232.23,left
20,potted plant,0.356,20.7,0,[FAST MODE - HIGH CONF],217.43,left
21,bench,0.266,26.39,1,"1) the object appears to be a blue chair, which is the main focus of the image.
2) it is located in the center of the photo.
3) the chair has a distinctive blue color, it's made of metal and seems sturdy enough for someone to sit on without fearing it might collapse.
4) i would recommend navigating around this obstacle by moving right or left, depending on which direction you are currently facing. it is important to maintain an appropriate distance from the chair to avoid bumping into it or tripping over it.
5) the reason for this recommendation is that chairs can be unpredictable when someone sits down quickly or moves abruptly. by navigating around the chair, you can avoid any potential hazards and ensure safe passage through the area.",25621.92,left
22,person,0.272,26.48,0,[FAST MODE - HIGH CONF],342.64,left
23,bench,0.286,24.09,0,[FAST MODE - HIGH CONF],175.93,left
24,person,0.262,26.83,1,"the image captures a moment of an individual in motion, their body blurred due to the speed at which they are moving. they are dressed in athletic attire, with a blue shirt and black shorts, suggesting that they might be engaged in some form of physical activity or sport. a white helmet is worn on their head, indicating safety precautions taken during this activity.

the person appears to be walking towards the right side of the frame, which suggests that there might be a pathway or direction for movement indicated by the layout of the image. the background consists of a gray wall and what seems to be an outdoor setting with grass, providing a natural environment for the scene.

as for obstacles, it's difficult to pinpoint specific ones due to the blurred nature of the photo and the focus being on the moving person. however, given the context, one could infer that there might be uneven terrain or changes in elevation (like hills or slopes) that require careful navigation while walking or running.

recommended navigation instruction: ""move right"", as it appears to be the direction of movement for the individual in the image. this is based on their positioning and orientation within the frame, suggesting they are moving forward rather than backward or sideways. however, without clear visibility of the surroundings, one should exercise caution while navigating this environment.",37212.52,right
25,person,0.32,27.6,0,[FAST MODE - HIGH CONF],206.41,left
26,person,0.306,28.17,0,[FAST MODE - HIGH CONF],170.31,left
27,person,0.254,27.88,1,"1) the object appears to be a blue chair, which is located on the left side of the image.
2) the chair's position relative to other objects in the image cannot be determined as it is not visible.
3) the chair has a distinct blue color and is likely made of plastic or fabric material. it is small in size and has a simple design. there are no apparent risks associated with this object.
4) as i am unable to see any other objects in the image, i cannot recommend specific navigation instructions at this time.
5) my recommendation for navigating around the chair is based on its visibility and potential hazard. since it is a small blue chair that stands out against the background, there are no immediate risks associated with passing by or sitting near the chair.",14021.26,left
28,person,0.31,27.59,0,[FAST MODE - HIGH CONF],157.62,left
29,person,0.309,26.69,0,[FAST MODE - HIGH CONF],142.14,left
30,person,0.259,26.91,1,"1) the object appears to be a blue chair with metal legs, which is located in an outdoor setting.
2) the chair is positioned on the right side of the image.
3) the chair has a curved backrest and four arms resting against it. it is approximately knee-high and occupies about half of the frame. its color is vibrant blue, contrasting with its surroundings. there are no immediate risks associated with this object in its current location.
4) since there's a person standing near the chair, i would recommend navigating ""move left"" to maintain a safe distance from the chair and avoid potential tripping hazards or accidentally walking into it.
5) by moving left, you will create more space between yourself and the chair, reducing the risk of accidents while navigating in this area.",14557.95,left
31,person,0.26,26.82,1,"1) the object in the image appears to be a blue chair, which is positioned on a sidewalk.
2) the chair's location can be described as being on the left side of the frame.
3) the chair has a distinctive blue color and it is a single-seated item with a backrest and armrests. it stands upright, taking up a moderate amount of space on the sidewalk. the risks associated with this object are minimal as it does not appear to be in any immediate danger or causing obstruction.
4) based on the chair's position on the left side of the frame and the person standing behind it, i would recommend that someone who is blind navigate cautiously by moving slowly towards the right until they have passed the chair safely.
5) this navigation instruction is necessary because there might be other objects or potential hazards just out of view around the chair, such as a curb, parked vehicle, or uneven surface on the sidewalk. by approaching cautiously and moving to the right, one can avoid any unexpected obstacles that may not have been captured in this cropped image.",32585.8,left
32,person,0.254,27.62,1,"1) the object in the image appears to be a brown dog's leg, possibly belonging to a pet walking on a leash. it is located at the bottom left corner of the photo.
2) its approximate position is ""left"" from the current frame or viewpoint.
3) the dog's leg is brown and seems to be in motion, suggesting that it belongs to a moving object or being. the presence of a dog might indicate that there are people nearby who are walking their pets.
4) a recommended navigation instruction would be ""stop"" as the user needs more context to determine whether they should continue moving forward or not. this is because encountering an obstacle like this can pose risks, such as tripping over the dog's leg if it suddenly moves in a different direction or if the person walking with the pet does not notice its presence.
5) a brief explanation of why ""stop"" is recommended: it is important to stop and assess the situation before proceeding further to ensure safety and avoid any potential accidents. by stopping, the user can determine whether they should move around the obstacle or wait for it to pass.",17343.39,left
33,bench,0.275,3.94,0,[FAST MODE - TOO CLOSE],134.61,right
34,bench,0.27,24.74,1,"1) the object appears to be a blue chair with four legs, which is located on the ground.
2) the chair is positioned in the center of the image.
3) the chair is blue and has a round seat with five spokes that are evenly spaced around it. it also has four legs: two long ones supporting the backrest and two shorter ones holding up the bottom. there are no other objects visible in the image that could cause harm to the user.
4) i would recommend moving right if you are standing on a walkway or sidewalk, as there does not appear to be any obstacles directly ahead of you. if you are in front of the chair and need to continue walking, i would suggest going straight ahead without stopping.
5) the image only provides information about the immediate surroundings of the chair, so it is important to remain cautious when navigating around other objects or people that may not be immediately visible.",15255.86,right
35,bench,0.25,25.29,1,"in the image, there is a blurred scene featuring two individuals walking on what appears to be a sidewalk or street. one person seems to be in motion while the other appears stationary. in the foreground of the image, there is an obstacle that stands out due to its distinctive features:

1) the object appears to be a blue chair with four legs and a backrest. it's positioned on the right side of the frame.
2) its approximate position can be described as being located in the foreground of the image, while the people are walking further away.
3) this obstacle has several physical characteristics that make it noticeable: its vibrant blue color contrasts with the more muted tones of the surroundings, and its four legs suggest stability when stationary. however, if someone were to walk into it or lean on it too heavily, there could be a risk of falling over due to the chair's slender design.
4) i would recommend ""move left"" for anyone navigating this area. this instruction is given because moving left would put distance between the individuals and the blue chair, reducing potential risks associated with the obstacle.
5) the reason for this recommendation is that by maintaining a safe distance from the blue chair, the blind user can avoid any accidents or injuries that might result from coming into contact with it while walking. it's always better to err on the side of caution when navigating unfamiliar environments.",33683.71,left
36,person,0.282,27.71,0,[FAST MODE - HIGH CONF],168.18,left
37,person,0.271,27.76,1,"1) the object appears to be a blue chair.
2) it is located in the foreground, on the left side of the image.
3) the chair is large and cylindrical in shape with a bright blue color that stands out against its surroundings. its risks are minimal unless it obstructs the pathway or impedes someone's movement.
4) a recommended navigation instruction would be to ""move right"" as there seems to be more space on this side of the image and no immediate obstacles.
5) this recommendation is based on the assumption that the chair may not pose a significant obstacle if moved out of the way, allowing for better visibility or smoother passage for other people in the scene.",12520.97,left
38,person,0.254,28.67,1,"1) the object in the image appears to be a person, although their face is blurred out. it's difficult to determine their exact identity or purpose due to this lack of detail.
2) the person seems to be positioned between two other individuals who are closer and more clearly visible. this suggests that they might be walking in the middle of a group, possibly on a sidewalk or street.
3) physical characteristics such as the person's exact size, color, and attire cannot be confidently determined due to the blurred image. however, their posture may suggest movement, indicating that they could potentially pose risks like bumping into nearby pedestrians or objects if not paying attention.
4) a recommended navigation instruction for this situation would be ""move left"" or ""move right"", depending on which direction the person is currently moving in. this will help to maintain a safe distance between them and other individuals, reducing the risk of accidents or collisions.
5) the reason behind this recommendation is that it's essential to pay attention when walking in public spaces, especially when navigating around other people who might not be aware of your presence. by moving either left or right, you can maintain a safer distance and avoid unexpected obstructions, reducing the likelihood of accidents or injuries.",32317.53,left
39,potted plant,0.261,16.8,1,"1) the object in the image appears to be a stone basin, possibly a sink, which is typically found in bathrooms or kitchens.
2) the stone basin is centrally located in the image.
3) the stone basin is made of gray stone and has a deep basin with a faucet on top. it is not clear if it's a pedestal sink or not from this single angle. it could be risky for someone to touch, as there might be water inside the basin that can make their hands slippery.
4) to safely navigate around this object, i would recommend moving left or right depending on which direction the obstruction is blocking. however, if it is unclear where the user wants to go, a safer option would be to stop and reevaluate the situation before deciding on a course of action.
5) the reason for stopping or changing course could vary - perhaps there's an alternative route available that avoids the stone basin altogether or maybe they need more information about their destination/goal before making a decision.",14957.59,left
40,person,0.271,28.19,1,"1. what the object appears to be: the object in the image is a person with a red bag. they are walking down the street, passing by other people who have bags as well. there's also a man carrying a black case and two children nearby.
2. its approximate position: the person with the red bag is located on the right side of the image, while the man carrying the black case is situated in front of them. the two children are positioned behind the man with the black case. other people can be seen scattered around the street.
3. any relevant physical characteristics: the person with the red bag appears to be a woman and seems to be walking at a moderate pace. the man carrying the black case has a backpack attached to it, which might suggest he's returning from work or school. the two children are holding hands while following their parents on the street.
4. a recommended navigation instruction: ""move right"" would be an appropriate instruction for the person with the red bag if they need to get closer to the man carrying the black case or the two children.
5. a brief explanation of why: this recommendation is based on the assumption that the woman with the red bag wants to interact with the man carrying the black case or keep a closer eye on her children while walking down the street.",16161.35,right
41,person,0.304,26.44,0,[FAST MODE - HIGH CONF],128.59,left
42,person,0.271,26.12,1,"1) the object in the image appears to be a chair.
2) it is located on the left side of the frame.
3) the chair has blue cushions, giving it a modern and sleek appearance.
4) i recommend moving right if you are approaching this chair as there may be potential risks associated with its position in front of two women.
5) there might be obstacles or hazards that could pose a risk to pedestrians or the people standing near it, so it is safer to avoid stepping on or getting too close to the chair.",9085.05,left
43,bench,0.308,25.6,0,[FAST MODE - HIGH CONF],147.05,left
44,bench,0.306,24.75,0,[FAST MODE - HIGH CONF],130.19,left
45,person,0.269,25.02,1,"1) the object in the image appears to be a blue folding chair, which is located next to a table.
2) the chair is positioned on the left side of the image.
3) the blue folding chair has a cushion and can be easily folded into a smaller shape for storage or transportation when not in use. it poses no immediate risks.
4) i would recommend moving right, as there appears to be a woman walking towards this area and it might obstruct her path if the chair remains in its current position.
5) the woman is likely going to pass by these objects, so relocating them will prevent any potential accidents or inconvenience for both her and others in the vicinity.",26415.88,left
46,person,0.378,27.21,0,[FAST MODE - HIGH CONF],223.83,left
47,person,0.251,25.98,1,"1) what the object appears to be: the object in the image appears to be a blue folding chair.
2) its approximate position: the blue folding chair is located on the left side of the frame, next to two people who are walking by.
3) any relevant physical characteristics: the chair is blue and has a cushioned seat. it's currently closed and sitting on the ground, indicating that it is not in use at the moment. 
4) a recommended navigation instruction: ""move right"". this would allow the two people to pass by without any obstructions and continue their walk safely.
5) a brief explanation of why: since the chair is currently closed and unoccupied, moving it out of the way will not cause any harm or inconvenience to anyone in its path.",11382.06,left
48,clock,0.273,20.79,0,[FAST MODE - HIGH CONF],194.67,right
49,person,0.318,27.92,0,[FAST MODE - HIGH CONF],125.22,left
50,person,0.265,27.63,1,"1) the object in the image appears to be a blue chair with armrests, located on the ground.
2) the chair is positioned towards the right side of the image.
3) the chair has a rectangular shape, it's blue in color, and its armrests are curved. it is made of plastic material, which could be risky for someone who might accidentally step or bump into it.
4) i recommend moving away from the chair to avoid any accidents.
5) since the chair is an obstacle on the ground that could pose a risk if not avoided, it's best to steer clear of it.",10630.88,right
51,person,0.251,28.49,1,"1) the object appears to be a blue chair, which is positioned in the center-right area of the image.
2) it is located on a sidewalk with some people walking by, including a man wearing a blue baseball cap and two women - one in a green jacket and another in a black shirt.
3) the chair is small and has no visible risks or physical characteristics that stand out.
4) i would recommend the blind user to move right as they seem to be walking towards the chair.
5) by moving right, the user will get closer to the blue chair and can safely approach it without any obstacles in their way.",10655.51,right
52,person,0.278,28.74,0,[FAST MODE - HIGH CONF],142.14,left
53,person,0.251,27.3,1,"1) the object appears to be a blue plastic chair that is outdoors, possibly in a park or on the sidewalk. it has an armrest on one side and a seat on the other side.
2) the chair is located on the left side of the image.
3) the chair is made of plastic and is blue in color. it is relatively small compared to other objects in the image, such as the man with a backpack and the woman walking beside him. the chair has an armrest on one side and a seat on the other side. it is stationary at the moment.
4) i would recommend moving left if you are standing next to the chair. this will allow you to maintain clear passage for yourself and others who may be walking or using the space around the chair.
5) the reason for this recommendation is that there appears to be sufficient space on the right side of the image, free from any obstructions or hazards. by moving left, you can avoid colliding with the chair while also allowing room for other individuals who may need to pass by.",14264.3,left
54,person,0.25,27.11,1,"1) the object in the image is a pair of black and white high-heeled shoes.
2) they are positioned on the left side of the frame, near a blue chair.
3) the shoes appear to be large in size, with thick heels that add to their height. their color contrasts sharply with the blue chair they are placed next to.
4) i would recommend moving right from this location in order to avoid any obstacles or trip hazards caused by the shoes being left on the floor near a walkway.
5) it is important to take extra care when navigating around such objects, especially if you are walking and not paying close attention to your surroundings. the presence of these high-heeled shoes can pose a potential risk for tripping or slipping, particularly in an outdoor setting where the ground may be uneven or unpredictable.",36424.87,left
55,person,0.252,24.09,1,"1) the object appears to be a blue plastic chair that is in the foreground of the image. it is located on the left side.
2) its approximate position: left.
3) this blue plastic chair is rectangular with four legs and armrests, and it has no distinctive features or markings. the size appears to be small, suitable for a child or short adult. there are no risks associated with this object in the image as there are no other objects nearby that could pose a hazard.
4) i would recommend navigating left from your current position if you want to avoid the chair and continue moving towards the group of people standing outside the building.
5) this is because, by moving left, you will not collide with the blue chair or have to adjust your path due to its presence. it will also allow you to maintain a smoother flow in your movement, ensuring that you reach the group without unnecessary disruptions.",13201.46,left
56,clock,0.461,20.95,0,[FAST MODE - HIGH CONF],193.86,right
57,clock,0.375,21.62,0,[FAST MODE - HIGH CONF],139.42,right
58,bench,0.281,25.32,0,[FAST MODE - HIGH CONF],164.51,left
59,person,0.25,27.32,1,"1) the object appears to be a blue trash can, which is located on the sidewalk.
2) it is positioned on the left side of the image.
3) the blue trash can has an oblong shape and is relatively small in size. it is placed at a curb or near some bushes, indicating it's likely used for disposal of waste materials.
4) based on its location and purpose, i would recommend navigating towards the right side of the image to avoid bumping into it.
5) stopping might also be necessary if you were already close enough to collide with the trash can. the reason is that moving too quickly could lead to accidentally hitting or spilling any contents inside the bin, causing a mess and potentially harming someone nearby.",11256.52,left
60,potted plant,0.502,27.75,0,[FAST MODE - HIGH CONF],245.58,right
61,person,0.258,28.81,1,"in the cropped image, there is an obstacle on a sidewalk that appears to be a blue trash can with a handle in the middle. it is located on the left side of the image. the trash can is cylindrical in shape and has a slightly smaller diameter than it does height. its color is vibrant blue, which makes it stand out against the blurred background. 

there are two people walking past the trash can - one adult and one child. they seem to be moving away from the trash can, indicating that they might not have noticed it in time to avoid a collision. however, based on what i see in this image, there doesn't appear to be any immediate danger posed by the trash can itself.

my recommendation for navigation would be ""move right"" if you are currently closer to the blue trash can and need to get out of its way or ""stop"" if you are walking towards it to avoid a collision. it is important to maintain situational awareness when navigating sidewalks, especially in areas with potential obstacles.",14008.35,left
62,person,0.253,28.44,1,"1) the object in the image appears to be a blue chair.
2) the chair is located on the left side of the frame.
3) the chair is small, round-backed, and has blue cushions. it is positioned on a concrete surface with some greenery in the background.
4) i recommend moving right from the current position to avoid the chair.
5) moving right will help you bypass the chair without causing any harm or disturbance to it.",48185.1,left
63,person,0.251,29.49,1,"1) the object appears to be a person walking.
2) it is located in the center of the image.
3) the person is wearing a white shirt, blue pants, and black shoes. they are also holding a phone in their hand. there is no indication of any specific color or size for these objects from the image alone.
4) based on the positioning of the person and the presence of a potentially distracting object like a phone, it would be advisable to give the following navigation instruction: ""move right"". this will allow the user to maintain their current direction and keep an eye out for any other obstacles that may come into view.
5) the reason behind this recommendation is due to the fact that moving in the same direction as a person who is potentially using their phone can minimize disruptions or distractions for both parties, allowing them to safely pass each other without interference.",28715.94,right
64,person,0.288,28.72,0,[FAST MODE - HIGH CONF],171.09,left
65,person,0.285,29.28,0,[FAST MODE - HIGH CONF],128.33,left
66,person,0.292,29.16,0,[FAST MODE - HIGH CONF],134.94,left
67,person,0.28,29.53,0,[FAST MODE - HIGH CONF],129.53,left
68,person,0.264,29.75,1,"1) the object in the image appears to be a person wearing a blue shirt and a baseball cap. the individual is walking towards the right side of the frame, with their back facing the camera.
2) the person is centrally located within the frame of the image.
3) the person has blurred features due to motion or focus issues in the image, making it difficult to discern specific physical characteristics such as facial features, body shape, or size. however, their attire - a blue shirt and baseball cap - can be determined.
4) based on the limited information available from the image, i would recommend navigation instructions like ""move right"" if they are not already moving in that direction. this is because the person appears to be walking towards the right side of the frame.
5) my recommendation stems from observing the direction of their movement within the image. while it's difficult to discern more details due to motion or focus issues, their position and orientation suggest they are moving in that particular direction. please note that this is an educated guess based on limited information available from the image.",14093.05,right
69,person,0.263,24.49,1,"1) the object appears to be a **blue plastic chair**.
2) its approximate position is on the **right side** of the image.
3) this chair has an unusual design, with multiple legs instead of the typical two. it is also blue in color and relatively small compared to other objects in the scene. the risks associated with this chair are not apparent from its appearance alone.
4) i would recommend **stopping** for now.
5) stopping is recommended because it's unclear what obstacle or hazard might be present in the image, and stopping allows us to take a closer look at any potential issues before proceeding.",9931.37,right
70,person,0.307,29.39,0,[FAST MODE - HIGH CONF],216.45,left
71,person,0.28,29.67,0,[FAST MODE - HIGH CONF],668.04,left
72,potted plant,0.255,28.9,1,"1) the object appears to be a red crane lifting something, possibly a truck, from the ground level.
2) it is located in the center of the image.
3) the crane has a long arm with a hook at the end that is currently lowered towards the ground. its body is bright red and it stands out against its surroundings. however, as an obstacle for the blind user, one should be cautious around it due to its size and movement capabilities.
4) the recommended navigation instruction would be ""move left"" or ""stop"", depending on your current position relative to the crane. this is because if you are too close to the path of the lowered hook, there could be a risk of collision. stopping ensures safety while moving left might still pose some risk.
5) the reason for this recommendation is due to the potential danger that the large, heavy, and mobile crane poses to a blind individual who may not be able to see or avoid it in time.",13760.37,left
73,person,0.322,29.68,0,[FAST MODE - HIGH CONF],171.69,left
74,person,0.3,26.94,0,[FAST MODE - HIGH CONF],404.96,left
75,person,0.268,29.14,1,"1) the object in the image appears to be a person, although their features are blurred out due to motion.
2) the person is located towards the right side of the frame.
3) the person's body is visible, but specific details about their clothing or any other identifiable characteristics cannot be discerned from the image. as they walk in front of a building, it can be assumed that there might be some risk involved if this individual were to suddenly step out in front of an oncoming vehicle without paying attention.
4) it is recommended for the blind user to move left and maintain their current position until more context or information about the person's actions or intentions becomes available. this precautionary measure ensures that they do not accidentally come into contact with any potential hazards associated with the person's movement in front of the building.
5) the reason for this navigation instruction is to prioritize safety and avoid unnecessary risks, given the limited visibility provided by the image and the lack of clear information about the individual's intentions or surroundings.",14081.82,left
76,person,0.261,27.33,1,"1) the object appears to be a blue cart, which seems to be part of an outdoor setup with people standing around it.
2) the blue cart is located in the center of the image, with two women standing next to it on either side and another woman behind it. there's also a trash can present in front of the cart.
3) the blue cart has a blue seat that seems sturdy enough for one person to sit on. it appears to be quite large and occupies most of the space around it. the trash can is small, rectangular, and green. both objects are stationary at the moment.
4) i recommend moving left or right to avoid getting too close to the cart and potentially tripping over it.
5) this advice is based on the fact that there's a significant distance between you and the blue cart, so moving closer could pose a risk of collision if one isn't careful. additionally, the trash can in front of the cart might obstruct your path slightly, making it easier to accidentally bump into the blue cart if you don't maintain some distance.",43928.69,left
77,person,0.257,29.41,1,"1) the object in the image appears to be a person wearing a blue shirt and walking on a sidewalk. they are blurred, making it difficult to discern specific details about their appearance or clothing.
2) based on the visual information available, it is not possible to confidently determine whether the person is located in the left, center, or right portion of the image.
3) the individual appears to be walking casually along a sidewalk, wearing a blue shirt and shorts. due to the blurred nature of the photo, more specific details about their clothing or physical characteristics cannot be determined.
4) it is recommended that the blind user ""stop"" or pause in their navigation to observe this individual's movement further, as it may provide additional context for understanding the environment.
5) stopping at the moment allows the user to gain a better understanding of the surroundings and assess whether there are any risks associated with approaching or passing by the person on the sidewalk. this caution is necessary because pedestrians could be unpredictable, especially in crowded areas or during unusual situations.",24156.26,left
78,potted plant,0.306,24.3,0,[FAST MODE - HIGH CONF],226.78,right
79,potted plant,0.357,23.94,0,[FAST MODE - HIGH CONF],129.44,right
80,person,0.253,29.48,1,"1) the object in the image appears to be a person wearing a blue shirt.
2) the person is located on the left side of the image, walking towards the right.
3) the person has a white hat and a backpack, suggesting that they might be carrying some belongings with them. it's important to note that this individual is moving quickly, which could potentially pose risks if other people are not aware of their presence.
4) based on the person's current direction of movement, i recommend navigating ""move left"" in order to avoid any potential collisions or accidents with them.
5) the reason for this recommendation is due to the person's quick pace and forward motion, which could make it difficult for others to anticipate their path if they are not already aware of their presence. by moving left, you can create a buffer zone between yourself and the individual, reducing the likelihood of any accidents or injuries.",11713.96,left
81,person,0.295,28.28,0,[FAST MODE - HIGH CONF],142.13,left
82,person,0.269,28.89,1,"1) the object appears to be a person wearing a hat, but their face is blurred out due to the focus on their feet. the individual seems to be walking or standing in front of a building with windows.
2) the person is located in the center of the image.
3) the person's legs and feet are visible in the foreground, while the body and head are obscured by motion blur. the building in the background has multiple windows that reflect light.
4) ""move right"" or ""stop"" would be appropriate navigation instructions depending on whether there is enough space to move safely without colliding with any obstacles. however, due to the limited visibility of the image, it's difficult to determine this confidently.
5) the recommended action depends on factors such as personal safety and awareness of surroundings that cannot be determined from a single image. it is essential to ensure that there are no immediate hazards or obstructions before making any movement in either direction.",12262.44,right
83,clock,0.252,21.01,1,"1) the object in the image appears to be a circular sign with a white coffee cup design on it, which is hanging from the ceiling or mounted on the wall.
2) it is located slightly off-center towards the right side of the image.
3) the sign has a black border and a green background filled with curved lines resembling waves, reminiscent of ocean foam. the coffee cup design is white.
4) based on its position, i would recommend moving slightly to the left to get closer to it or stop if you are already close enough for comfortable viewing.
5) this recommendation is based on the sign's current off-center location and the assumption that a viewer may need adjustments in their line of sight to better see the sign. the coffee cup design could indicate this is an establishment serving beverages, possibly a café or restaurant.",21021.47,left
84,potted plant,0.34,23.65,0,[FAST MODE - HIGH CONF],135.31,right
85,potted plant,0.288,28.94,0,[FAST MODE - HIGH CONF],120.41,left
86,potted plant,0.29,29.01,0,[FAST MODE - HIGH CONF],113.59,left
87,potted plant,0.274,29.51,0,[FAST MODE - HIGH CONF],133.77,left
88,potted plant,0.252,29.84,1,"1) the object in the image appears to be a large red sculpture, possibly made of metal. it is situated on the sidewalk near some benches. its size and vibrant color make it stand out from its surroundings.
2) the red sculpture is located in the center of the image, with the benches to its right and buildings to its left.
3) the sculpture's shape is abstract, making it difficult to determine a specific form or purpose without more context. it is large, likely taking up significant space on the sidewalk. its color is bright red, which contrasts sharply with the muted colors of the surrounding environment. while there may be risks associated with its proximity to pedestrian traffic and nearby benches, these are not apparent from this single image alone.
4) a recommended navigation instruction would be ""move right"" if one is approaching the sculpture on the sidewalk. this is because the red sculpture is located closer to the benches than to any other visible objects in the image. moving towards it from a distance may put pedestrians at risk of bumping into the sculpture or accidentally walking into the path of passing vehicles if there are any on the street.
5) this instruction is recommended because, by moving right, one would be approaching the red sculpture and its surrounding benches in a more controlled manner. if someone were to walk towards it from a distance without first checking their surroundings, they may not realize how close they are getting until it's too late to stop or avoid collision with any nearby objects or people.",18139.19,left
89,person,0.272,27.4,0,[FAST MODE - HIGH CONF],149.52,left
90,person,0.27,27.82,1,"1. the object appears to be a person wearing a yellow jacket, standing on the sidewalk with their back turned towards us. they are walking away from the camera.
2. the person is located on the right side of the image.
3. this person has a relatively small body frame and is dressed in a bright yellow coat. their hair is blonde. from this angle, it's difficult to determine their exact height or any other physical characteristics that can be confidently discerned from the image.
4. it would be recommended for the blind user to ""move right"" if they need more space or are not close enough to safely navigate around the person in the yellow jacket. this would help avoid any potential collisions and ensure both parties' safety.
5. the person in the yellow jacket is walking away from us, so it's important for the blind user to be aware of their surroundings and maintain a safe distance while navigating around them.",11968.59,right
91,person,0.406,28.42,0,[FAST MODE - HIGH CONF],129.88,left
92,person,0.444,29.36,0,[FAST MODE - HIGH CONF],110.94,left
93,potted plant,0.448,23.95,0,[FAST MODE - HIGH CONF],115.04,right
94,potted plant,0.413,24.34,0,[FAST MODE - HIGH CONF],126.02,right
95,person,0.314,29.02,0,[FAST MODE - HIGH CONF],121.74,left
96,person,0.263,26.99,1,"1) the object in the image appears to be a person wearing a yellow shirt and blue pants walking past a bench with their hand on it, possibly due to uneven ground or a change in elevation.
2) the person is located towards the right side of the image.
3) the person's yellow shirt stands out against the background, while their blue pants blend more with the surroundings. the bench appears to be made of metal and has a rectangular shape. it is positioned on the left side of the image.
4) i would recommend moving right if you are currently located behind or beside the person walking by the bench, as they might not notice you approaching from that direction due to their focus on the ground. alternatively, if you are in front of the person and the bench, you should stop and wait for them to pass before continuing your movement to avoid any potential collisions.
5) the reason for these recommendations is based on the assumption that people tend to be more aware of obstacles directly in their path or facing them head-on. by taking into account the person's position relative to you and making a conscious decision about how to move, you can reduce the risk of accidents or collisions while navigating this environment.",14150.01,left
97,person,0.328,28.27,0,[FAST MODE - HIGH CONF],699.22,left
98,person,0.385,28.57,0,[FAST MODE - HIGH CONF],184.88,left
99,potted plant,0.373,24.48,0,[FAST MODE - HIGH CONF],223.95,right
100,potted plant,0.373,23.87,0,[FAST MODE - HIGH CONF],265.07,right
101,potted plant,0.4,24.05,0,[FAST MODE - HIGH CONF],163.46,right
102,person,0.291,26.67,0,[FAST MODE - HIGH CONF],187.43,left
103,potted plant,0.252,29.03,1,"1) the object in the image is a large, gray planter with succulent plants growing inside it.
2) it is located on the left side of the frame.
3) the planter appears to be rectangular in shape and has a lid on top that is also gray. inside the planter, there are several small plants with thin leaves. the planter itself does not pose any obvious risks or hazards.
4) i would recommend moving right so as not to accidentally bump into the planter.
5) this advice is based on the fact that you have a blind spot in front of you and there are no other objects obstructing your view, making it safer to move away from the planter rather than towards it.",22631.7,left
104,potted plant,0.279,29.35,0,[FAST MODE - HIGH CONF],311.81,left
105,potted plant,0.267,29.62,1,"1) the object in the image appears to be a white planter with black drainage holes on top, containing various plants.
2) it is positioned centrally in the foreground of the image.
3) this rectangular pot has a flat front and three rows of tall green plants. there are some small purple flowers visible among the leaves. the planter is white with black drainage holes on top, indicating that it's designed to hold soil and allow excess water to escape. however, due to its size and the number of plants in it, there may be risks associated with moving or relocating the pot without proper handling.
4) i recommend stopping for now. moving the planter carelessly could damage the plants or cause them to fall out of the pot, leading to potential harm to both the plants and bystanders. 
5) it's important to handle the pot gently and with care when moving it due to its size and the number of plants in it. the planter contains many tall green plants that are arranged in three rows, which could easily spill out or get damaged if not handled properly.",12779.32,none
106,person,0.267,29.92,1,"1. the object appears to be a person, but due to the blurriness of the image, it's difficult to identify specific details about them.
2. the person is located in the center of the image.
3. as the image is blurry, it's hard to determine their exact size or color. however, they are standing upright and appear to be wearing a shirt.
4. i would recommend ""stop"" as there may be other people nearby who could also be affected by any obstacles in the way. it's important to assess the environment before continuing to move.
5. by stopping, one can take a moment to look around and evaluate their surroundings, avoiding potential collisions or dangerous situations with both the person standing in the center and other unseen individuals or objects.",10386.8,right
107,potted plant,0.275,29.48,0,[FAST MODE - HIGH CONF],273.69,left
108,potted plant,0.251,29.49,1,"1) the object in the image appears to be a large potted plant with long leaves, possibly succulents, that are shaped like spikes or branches. it is placed on top of a stone pedestal.
2) the plant occupies most of the frame and is centrally located in the photo.
3) the plant has thick, dark green leaves that curl upward into thin branches. its size is quite large compared to its surroundings, making it stand out as an important feature of the scene.
4) recommended navigation instruction: ""stop"". this will prevent any accidental bumping or knocking over of the potted plant, which could cause damage or spillage if not careful.
5) the reason for this recommendation is that the potted plant's size and shape make it easily noticeable, but its weight might be difficult to anticipate without proper attention. stopping allows for a more cautious approach before proceeding further in the image.",11857.91,none
109,potted plant,0.325,26.04,0,[FAST MODE - HIGH CONF],173.54,right
110,potted plant,0.26,29.95,1,"the image shows a gray concrete planter filled with soil, containing several green plants in it. the planter is located on the sidewalk near the curb. in front of the planter, there is a red hose reel. the obstacle in this cropped image appears to be the red hose reel because if someone were walking by and not paying attention, they could trip over it or bump into it.

the hose reel's position relative to the planter is such that it is closer to the viewer than the planter. it has a bright red color which makes it stand out against its surroundings. its shape and size suggest that it is cylindrical with a handle on one end. it poses a risk of tripping or bumping into, especially for those who are not paying attention.

to navigate around this obstacle safely, the recommended instruction would be to move right if you are approaching from the left side of the image and stop if you are coming from the right side. by doing so, you can avoid any accidents caused by this red hose reel on the sidewalk.",26930.47,left
111,potted plant,0.257,29.93,1,"1) the object in the image appears to be a large potted plant with tall, thin branches bearing small leaves. it is placed on top of a table or pedestal.
2) the potted plant is positioned centrally in the image.
3) the potted plant has long, thin branches that extend upwards from its center. the leaves are small and appear to be green in color. the pot itself is gray and appears to be made of ceramic or a similar material. it may pose a risk if someone were to accidentally touch the thorny branches.
4) given the positioning of the potted plant and its potential hazard, it would be advisable for the blind user to move away from it, specifically ""move left"" to avoid any possible harm or obstruction caused by the plant's branches.
5) the rationale behind this recommendation is due to the plant's upward-reaching branches which could unintentionally make contact with someone walking nearby. by moving left, the user will maintain a safe distance from the potted plant and avoid any potential hazards it may pose.",13344.55,left
112,potted plant,0.265,30.52,1,"1) the object appears to be a planter with a tall plant in it, located on a sidewalk next to a building.
2) its approximate position is at the center left side of the image.
3) the plant has long leaves and brown stems, and there is water visible below it. the pot is white and the building is red brick. there are two chairs, one blue and one green, in front of a glass window.
4) i would recommend moving right to avoid the planter with the tall plant since it might obstruct your path or could be slippery if wet.
5) the reason for this recommendation is that by moving right you can maintain clearance from the planter and avoid any potential obstruction in case of watering, which would make the sidewalk wet and slippery.",10224.86,left
113,bench,0.282,27.91,0,[FAST MODE - HIGH CONF],221.37,left
114,potted plant,0.273,28.27,0,[FAST MODE - HIGH CONF],201.73,left
115,potted plant,0.263,28.63,1,"as an ai visual assistant, i'm sorry but i am unable to see the image you are referring to. however, if you can provide more context or details about the obstacle in the image, i might be able to assist you better. please provide as much information as possible and i will do my best to help you navigate through this situation.",6051.91,none
116,potted plant,0.254,28.47,1,"1) the object in the image appears to be a woman wearing a green jacket, walking on a sidewalk. her blurred face suggests that she might not be the main focus of this photo.
2) she is positioned centrally within the frame of the image, occupying most of the right side.
3) the woman's attire consists of a green jacket and blue jeans, indicating cool weather or possibly autumn/winter seasons. her clothing color contrasts with the blurred background, making her stand out in the scene. as for risks, there don't appear to be any immediate threats or hazards in the image.
4) based on the available information, i would recommend ""move right"" if you are currently positioned towards the left side of the photo and wish to gain a clearer view of the woman and her surroundings.
5) this is because moving right will shift your perspective to the right side of the image, allowing for a better view of the woman's face and any potential obstacles or hazards she might be approaching on that path.",12676.16,left
117,potted plant,0.268,29.61,1,"1) the object appears to be a small bush, located in the center of the image.
2) it is situated on a concrete surface.
3) the bush is green and has many leaves, indicating it's healthy and well-maintained. however, there are no visible risks associated with this obstacle.
4) i recommend moving right to avoid the bush.
5) this is because the bush occupies the central space of the image, and moving right will allow you to bypass it safely without any risk of collision or damage to the bush.",8047.67,right
118,potted plant,0.257,30.3,1,"1. the object appears to be a gray bench with a large planter on top, filled with plants. it is located in the center of the image.
2. its approximate position: in the center of the image.
3. physical characteristics: the bench is made of metal and has a rectangular shape. the planter is also gray and contains several small plants. there is a curved red awning nearby, which adds a pop of color to the scene. the surface in front of the bench is paved with bricks or concrete tiles.
4. navigation instruction: move forward.
5. explanation: the user should move forward because they are currently at the edge of the sidewalk and need to cross it to reach their destination.",9674.28,none
119,person,0.259,28.87,1,"1) the object appears to be a person walking on the street, who is wearing a green shirt and blue pants.
2) the person is located in the center of the image.
3) the person is relatively small compared to other objects in the scene, such as trees and buildings, which are larger. the person's clothing colors are bright and distinctive, making them stand out against their surroundings. walking on a street can pose risks like traffic accidents or collisions with other pedestrians if not careful.
4) i would recommend the blind user to move towards the right side of the image, away from the person walking. this will help the user avoid potential obstacles and maintain a safe distance from the moving person.
5) the reason for this recommendation is that it's safer to be on the opposite side of the street when someone is walking towards you. it also allows the blind user to have more visibility of their surroundings, including any other pedestrians or obstacles in the path.",11982.95,right
120,person,0.251,30.09,1,"1) the object appears to be a person wearing a backpack.
2) the person is located in the center of the image.
3) the person has an outstretched arm, indicating that they may be reaching for something or moving towards it. they are wearing a gray shirt and blue jeans, with a black hat on their head. there is also a backpack visible on their back.
4) i would recommend the blind user to ""move forward"" if there is enough space to do so without encountering any obstacles.
5) moving forward in this direction will allow the person to continue walking, which seems like a safe and appropriate action based on what can be seen in the image.",19261.28,none
121,person,0.251,31.52,1,"1) the object appears to be a person walking towards the camera. they are wearing a gray shirt and have short hair. their face is blurred, making it difficult to identify them.
2) it is positioned in the center of the image.
3) the person has brown hair and is wearing a blue jacket over their gray shirt. they are walking on a wooden floor, which suggests that they might be inside a building or home. there are no other significant physical characteristics to note from this cropped image.
4) it would be recommended for the blind user to move left if possible, as there seems to be an obstacle in front of them.
5) the person walking towards the camera is likely the obstacle in their path and could cause harm or inconvenience if they continue walking forward without noticing it first.",20214.3,left
122,potted plant,0.26,29.43,1,"the image shows a sidewalk with some green bushes on it, possibly in front of a building made of bricks. the bushes are located between the left and right sides of the photo, occupying about half of the space along that section of the sidewalk. they appear to be small and have a green color, suggesting they might be well-maintained.

as for navigation instructions, it would depend on where exactly you are in relation to these bushes:
* if you're closer to the bushes and need to continue walking straight ahead without encountering them, i would recommend moving right.
* however, if you're further away from the bushes and they block your path forward, it might be safer to move left until you reach an open space on the sidewalk.

please let me know your current position relative to these bushes so i can give more specific instructions!",10743.64,left
123,potted plant,0.262,26.36,1,"1) the object in the image appears to be a large, green plant with long leaves that are curled at the edges. its trunk is brown and it has a gray base or pot on its left side.
2) the plant is located in the foreground of the image, taking up most of the frame. it is positioned towards the right side of the photo.
3) the plant's leaves are long and green with curled edges, giving it an organic and natural appearance. its brown trunk provides a contrast to its lush foliage. the gray pot on the left side of the plant adds another element of interest. the risks associated with this object would likely be related to allergies or damage to nearby objects due to its size and weight.
4) a recommended navigation instruction for this image would be ""move right"" as the large green plant is located towards the right side of the photo.
5) this recommendation is based on the fact that moving right will allow the user to see more of the plant, including its trunk and gray pot, while avoiding potential obstacles in their path.",12719.88,left
124,potted plant,0.262,29.67,1,"1) the object in the image appears to be a potted plant with black leaves, situated on top of a small white pot.
2) its approximate position is centrally located in the frame.
3) physical characteristics: the potted plant has dark green leaves and stands tall against a brick building backdrop. the white pot it's housed in is quite small compared to the size of the plant, indicating that the plant has grown significantly over time.
4) a recommended navigation instruction would be ""move left"" or ""stop"", as there are no immediate obstacles present for the user to navigate around.
5) the reason for this recommendation is due to the fact that the potted plant and its white pot appear to be stationary, with no indication of any imminent movement or action. the brick building in the background also does not suggest any potential hazards for navigation.",21690.74,left
125,potted plant,0.258,29.47,1,"1) the object in the image is a potted plant with tall, thin leaves and a single flower that has fallen over onto its side. it appears to be gray in color.
2) the potted plant is located on the left side of the frame.
3) the potted plant is approximately six inches tall and has long, thin leaves that are pointing upwards. its pot is also gray.
4) to avoid knocking over the potted plant or stepping on it, i recommend moving to the right side of the image.
5) the potted plant's position makes it unstable, and it appears to have tipped over as a result. moving to the right would allow you to bypass the plant safely without accidentally knocking it over or stepping on it.",22152.93,left
126,potted plant,0.26,29.24,1,"1) the object in the image appears to be a bush, possibly located near a sidewalk or street.
2) the bush is positioned in the center of the frame.
3) the bush has green leaves and can be quite large in size. it may pose a risk if someone accidentally steps on it, especially if it's not well-defined as to where it starts and ends. additionally, its presence near a sidewalk or street could potentially obstruct pedestrian or vehicle movement if it grows too big over time.
4) i recommend stopping for now and being cautious while walking around the bush. it may be best to move slightly to the right or left of the frame, away from the bush, to avoid accidentally stepping on it or coming into contact with any hidden objects that might be underneath it.
5) by moving away from the bush and being cautious, you can ensure your safety while navigating around this obstacle. the bush's location near a sidewalk or street could make it difficult for other people to see it as well, so taking extra care is always a good idea in such situations.",23547.08,left
127,potted plant,0.253,29.13,1,"1) the object appears to be a large bush or small tree, with dark green leaves. it is located on the left side of the image, partially hidden by some buildings in the background.
2) its approximate position is to the left of the other visible objects.
3) this plant has a round shape and seems to be quite tall compared to its width. its leaves are dark green and appear healthy. the risks associated with it are minimal as there doesn't seem to be any harmful plants or insects on it.
4) i recommend moving right, in order to avoid the bush while navigating.
5) this is because moving to the right will allow you to continue down your path without getting too close to the plant, which might obstruct your view or cause discomfort if you had to walk around it at full length.",30285.65,left
128,bench,0.279,16.33,0,[FAST MODE - HIGH CONF],243.41,left
129,potted plant,0.258,29.34,1,"1) the object appears to be a large, green bush with white flowers. it is located in the center of the image.
2) its approximate position is in the middle of the image, surrounded by dirt on all sides.
3) the bush has a round shape and seems to be quite dense due to its many leaves. it is green in color, indicating that it may have some risks associated with it such as potential allergy symptoms or insects hiding among the foliage.
4) i would recommend moving right towards the bush.
5) the reason for this recommendation is because there appears to be a clear path on the right side of the image, while the left side has some obstacles that may make navigation difficult for a blind user. additionally, the grassy area on the right side seems to be more open and less dense than the bush in the center.",20863.98,left
130,potted plant,0.268,25.8,1,"1) the object in the image appears to be a large green plant with long leaves, possibly a type of palm tree. it is situated on a sidewalk or lawn area.
2) the plant occupies the left side of the frame.
3) the plant has a vibrant green color and its leaves are elongated in shape. its size appears to be large compared to the surrounding environment. there may be risks associated with the plant, such as potential tripping hazards due to its location on the sidewalk or lawn area.
4) it is recommended that the user moves away from the plant by stepping to the right of it. this will help avoid any possible obstacles and maintain a safe pathway.
5) the rationale for this instruction is to prioritize safety while navigating in an environment with potentially unexpected objects or changes in terrain, such as plants located on sidewalks or lawn areas. by moving away from the plant, the user can avoid any potential tripping hazards and continue to move safely along their intended path.",12213.39,left
131,potted plant,0.267,26.24,1,"1) the object appears to be a large plant with long leaves, possibly a palm tree, standing in the middle of the scene.
2) its approximate position is centrally located within the image frame.
3) the plant has long and thin green leaves that are spread out, taking up most of its space. it could potentially pose as an obstacle if not noticed.
4) i recommend ""move left"" to avoid colliding with the plant.
5) moving left will allow you to safely navigate around the large plant without running into it or causing any harm to the plant or yourself.",8269.62,left
132,potted plant,0.365,29.47,0,[FAST MODE - HIGH CONF],196.47,right
133,potted plant,0.253,26.24,1,"1) the object in the image appears to be a large green plant, possibly an indoor potted plant. it is located on the left side of the frame.
2) the plant is centrally positioned within the crop of the image.
3) the plant has long leaves that are slightly curved and spread out from its base, suggesting it might be a tropical or houseplant species. its size indicates that it can fill up a significant portion of space in a room when fully grown.
4) based on the current view, i would recommend ""move left"" to avoid accidentally stepping on or knocking over the plant while navigating through the area.
5) this recommendation is made because the image shows only a partial view of the surroundings, and moving left seems like the safest option at this point in order to prevent potential damage to the plant or injury from its large leaves.",36693.16,left
134,person,0.259,28.3,1,"1) the object in the image appears to be a person's leg, specifically someone wearing blue jeans.
2) the leg is located on the right side of the frame.
3) the jeans are blue and appear to be loose fitting, suggesting they may belong to someone who values comfort over style. however, it is not possible to determine the size or brand of the jeans from this image alone.
4) i would recommend stopping if the person appears to be walking towards you, as their presence could indicate that they are approaching your location. if they appear to be moving away, then it may be safe to continue on your path without interruption.
5) the reason for these recommendations is based on personal safety and comfort. it's generally a good idea to be cautious around strangers or unfamiliar individuals, especially if you are unsure of their intentions. by stopping and assessing the situation, you can make an informed decision about whether it's safe to proceed or not.",11637.73,right
135,potted plant,0.27,26.19,1,"1) the object appears to be a large, spiky plant with long leaves, located on a patio area near a brick building. its color is likely green due to its leafy nature.
2) the plant is centrally positioned in the image. it occupies most of the space and stands out prominently against the backdrop of the brick building.
3) the plant has long, spiky leaves that extend from a large central stalk. its height can be assumed to be taller than the surrounding potted plants on the patio area. however, its exact size cannot be determined from this image alone.
4) i recommend moving left or right from your current position based on which direction is clear of obstacles and closer to the plant's location. if neither path is available, you may need to stop momentarily and assess other options before proceeding safely.
5) moving in one of these two directions should lead you towards the large plant without encountering any immediate hazards. however, please remain aware of your surroundings as there may be other obstacles or features not visible in this image that could pose a risk to your safety.",12948.15,left
136,potted plant,0.291,26.42,0,[FAST MODE - HIGH CONF],211.39,right
137,potted plant,0.256,29.77,1,"1) the object appears to be a red metal sculpture with a long arm that extends over a concrete planter filled with a plant. it is attached to the side of a building, which could potentially be hazardous for pedestrians and drivers due to its height and location.
2) the red metal sculpture is located on the left side of the image.
3) the sculpture is tall and slender in shape, with a long arm that extends over the planter. it has a red color, which contrasts against the concrete planter and brick building behind it. there may be risks associated with its placement near pedestrian walkways or vehicle paths, as someone could potentially be injured if they come into contact with the extended arm while passing by.
4) i would recommend that people exercise caution when approaching this area. ""move left"" if you are walking too close to the sculpture or ""stop"" if you need more time to observe and appreciate its design. it's essential not to rush past it, as the extension of the arm could pose a risk for accidental contact.
5) this advice is based on the potential hazards associated with the sculpture's placement near walking paths or roads. by moving left or stopping to observe and appreciate its design, individuals can avoid any possible risks while still enjoying the artwork.",14583.55,left
138,potted plant,0.262,26.34,1,"1) the object in the image appears to be a large green plant with long leaves, possibly a houseplant or a bush. it is located on the sidewalk next to a brick building.
2) the plant is approximately in the center of the image.
3) the plant has thick, long green leaves that are likely healthy and well-watered. its size suggests it could be quite large or mature. there are no immediate risks associated with its presence on the sidewalk.
4) depending on the situation, i would recommend either ""move left"" or ""stop"". if there is a pathway for pedestrians around the plant, then ""move left"" would be appropriate to avoid any accidents. however, if the area appears to be clear and safe, it may be best to ""stop"" to take another look at the surroundings before proceeding.
5) the reason for these recommendations is to ensure safety while navigating around the plant on the sidewalk. it's important to carefully assess the environment and choose an appropriate course of action based on any potential obstacles or hazards.",12542.84,left
139,potted plant,0.258,26.12,1,"1) the object appears to be a potted plant with large green leaves, possibly a type of palm tree. it is located in the foreground of the image.
2) its approximate position is on the right side of the frame.
3) the plant has long and broad leaves that are green in color, indicating it may need sunlight to grow properly. there's no immediate risk associated with the presence of the plant in this setting.
4) i would recommend moving slightly towards the left or stopping depending on your current position relative to the potted plant. this is because there might be a brick wall or railing closer to you that could cause harm if you get too close.
5) the reason for these instructions is that while the potted plant may not pose any immediate danger, it's important to maintain a safe distance from potential hazards in your environment.",19299.08,left
140,potted plant,0.251,26.51,1,"1) the object appears to be a large, dark green plant with long leaves in the foreground.
2) its approximate position is on the left side of the image.
3) this plant has long, wavy-edged leaves that are slightly drooping over. it is big and dark green, indicating it may be healthy and well-maintained. the risks associated with this object depend on its specific species; some plants can cause allergic reactions or have toxic properties if ingested.
4) a recommended navigation instruction would be to ""stop"" because the plant is in the direct path of the user, and it's essential to identify the plant type before proceeding further to avoid any potential risks.
5) it's important to stop and identify the plant type first since some plants can have harmful effects on humans or animals if ingested or touched. additionally, there might be other obstacles in the background that are not clearly visible due to the close proximity of the plant.",26544.26,left
141,potted plant,0.254,25.86,1,"1) the object in the image appears to be a large green plant with long leaves, possibly a tropical type due to its leaf shape. it is positioned on the left side of the frame.
2) the plant occupies most of the visible space and extends towards the right side of the image, indicating that it might continue beyond the frame.
3) the plant has broad, wavy leaves that are dark green in color, suggesting that it requires a significant amount of sunlight for photosynthesis. it is attached to a brick wall, which could provide some support and stability.
4) ""move right"" would be an appropriate navigation instruction if the user were walking towards the plant. however, as there might be more obstacles beyond the frame, i recommend moving slowly in either direction while using other senses or tools (such as a cane or guide dog) to navigate safely.
5) the recommended action is ""move right"" because it would allow the user to approach and potentially interact with the plant while maintaining awareness of their surroundings. however, this is only applicable if there are no other immediate hazards in the way that could cause harm or obstruction.",12982.96,left
142,potted plant,0.254,29.93,1,"1) the object appears to be a large, decorative vase with a plant inside it. it is placed on top of a concrete planter box. the vase has a red ribbon attached to the top, which adds a festive touch to the scene.
2) the vase is located in the center of the image, drawing attention as the main focus. its position and size make it stand out against the background.
3) the vase is quite large, taking up most of the space on the concrete planter box. it has a unique shape with a narrow neck that widens at the base where the plant resides. the red ribbon hanging from the top adds color contrast to the scene. the risks associated with this object are minimal as it is not fragile and does not pose any danger if accidentally bumped into or knocked over.
4) based on its position in the center of the image, i would recommend ""move left"" for anyone navigating around this area to avoid getting too close to the vase and potentially damaging it or risking injury from the red ribbon attached to top.
5) this recommendation is made because moving left will allow someone to maintain a safe distance between themselves and the vase while still being able to enjoy its beauty and the plant inside without accidentally touching any part of the decoration that could be easily damaged or cause harm.",25648.38,left
143,potted plant,0.283,24.76,0,[FAST MODE - HIGH CONF],221.32,right
144,potted plant,0.255,25.24,1,"1) the object in the image appears to be a potted plant with long leaves, possibly an african violet. its position is on the right side of the frame.
2) the plant has elongated green leaves that reach upwards from its large base. it's housed in a small pot.
3) the plant is predominantly green and has delicate, long leaves that curve towards the top of the pot.
4) to navigate around this obstacle, it would be recommended to move right if you are on the left side of the image, or move left if you are on the right side.
5) this instruction is based on the assumption that your path does not involve stepping over the plant, as doing so could potentially damage its roots or leaves.",18956.41,left
145,potted plant,0.256,30.14,1,"1) the object appears to be a tall, skinny plant with long thin leaves in the pot. it is located on top of a concrete planter or pedestal on the sidewalk.
2) its approximate position is on the left side of the image.
3) the plant has a dark green color and its long thin leaves are reaching upwards towards the sky. the pot it is in is rectangular with a flat top, and it is located in front of a red awning or structure attached to a building.
4) i would recommend moving right to avoid running into this obstacle.
5) this plant could be dangerous for blind users as its long thin leaves may pose a risk if they accidentally come into contact with them while navigating the sidewalk.",20372.56,left
146,potted plant,0.269,29.46,1,"1) the object in the image appears to be a large potted plant, possibly a succulent, sitting on a table.
2) its approximate position is towards the left side of the frame.
3) the plant has long, thin leaves that are dark green and elongated in shape. the pot is gray and small compared to the plant. this plant may have sharp edges if mishandled.
4) a recommended navigation instruction would be ""stop"" for now, as there doesn't seem to be any immediate need to move away from the potted plant based on the image alone.
5) the reason for this recommendation is that the potted plant seems stationary and not causing any obstruction in its current position. however, it's important to note that if a blind user was approaching, they should stop before moving closer or further away as there may be other unseen objects or changes in elevation near the table.",11057.87,left
147,person,0.265,30.25,1,"in the image, there are two people walking on a sidewalk with a blue chair. the person in front has their hands around another person's waist. this scene is blurry, making it difficult to distinguish details clearly. however, based on what can be seen:

1) the object appears to be a **blue folding chair**. it's small and portable, perfect for outdoor use or as an extra seating option in living spaces.
2) the chair is located between the two people, closer to the person with their hands around the waist than to the other individual.
3) the chair is blue and appears folded, suggesting it's compact and easy to store when not in use. its size and design indicate that it's likely meant for a single person's comfort.
4) i would recommend navigating by ""move right"" towards the blue chair if you were one of these individuals. this action seems safe as there are no immediate obstacles or hazards visible in the image, such as traffic or other pedestrians.
5) it's difficult to determine why they might be interested in this chair from the image alone. however, it could be part of a public event, an outdoor gathering, or simply someone selling items on the sidewalk.",24784.28,right
148,person,0.26,29.94,1,"1) the object in the image appears to be a blue chair, which is placed on a sidewalk.
2) the chair is located on the right side of the image.
3) the chair has a distinct blue color and appears to be made of plastic material. it has a backrest and armrests, making it comfortable for sitting. however, since it's on a sidewalk, there might be risks associated with moving around or placing other objects nearby due to its size and weight.
4) i recommend the blind user to move left from this chair to avoid any obstacles that may be present in their path.
5) moving away from the blue chair will help the user maintain a safe distance from it, ensuring they don't accidentally trip over it or collide with other objects on the sidewalk.",10232.49,left
149,person,0.254,30.15,1,"1) the object in the image appears to be a chair.
2) the chair is located on the sidewalk, with its back facing towards the right side of the photo.
3) the chair has a blue color, which stands out against the gray pavement and white building in the background. it's relatively small compared to other objects in the image.
4) i would recommend moving right or stopping, depending on your current position relative to the chair. if you are walking towards it, stop immediately as there is no indication that it is intended for use by pedestrians. however, if you are already past it and need to continue walking further down the sidewalk, then move right.
5) the decision to either stop or move depends on your proximity to the chair and whether it poses any obstruction in your path. since there is no indication of its intended purpose or use, it's best to err on the side of caution and avoid using it until further information is available.",11591.2,right
150,potted plant,0.262,29.65,1,"1) the object in the image is a large flower pot containing several tall, thin plants with black leaves. it appears to be gray and has a red ribbon tied around it.
2) the flower pot is located on the left side of the image, placed atop a pedestal or stand.
3) the flower pot is approximately rectangular in shape, with the taller plants rising from within it. the black leaves contrast with the gray color of the pot, and the red ribbon adds a pop of color to the scene. there are no immediate risks associated with this object.
4) based on the image's content, i would recommend ""move right"" if you were navigating through the area. this is because the flower pot is situated to the left of other objects in the frame, such as a building and a bench. by moving to the right, you will approach these additional elements more easily than if you continue straight ahead from your current position.
5) the reason for this recommendation is that understanding spatial relationships between objects can help guide navigation and avoid potential obstacles or barriers. in this case, the flower pot serves as a landmark indicating that other important features of the area may be located to its right.",13395.36,left
151,person,0.304,29.74,0,[FAST MODE - HIGH CONF],187.57,left
152,person,0.262,29.92,1,"1) the object appears to be a blue plastic chair.
2) it is located in the center of the image, behind a person who is walking by it.
3) the chair is rectangular in shape, with a curved backrest and armrests that are attached to the seat with metal hinges. its color is bright blue, which contrasts with the light-colored pavement on which it sits. it has four legs supporting its weight.
4) i recommend moving right towards the person walking by. this will allow you to maintain a safe distance from the chair and avoid any potential risks associated with sudden movements or collisions.
5) the reason for this recommendation is that there is no immediate threat posed by the blue plastic chair, and it would be safer to approach the person walking by rather than trying to navigate around them in the middle of their path.",10774.28,right
153,person,0.291,30.49,0,[FAST MODE - HIGH CONF],180.48,left
154,person,0.3,30.92,0,[FAST MODE - HIGH CONF],145.84,left
155,potted plant,0.337,28.62,0,[FAST MODE - HIGH CONF],144.03,right
156,potted plant,0.316,23.71,0,[FAST MODE - HIGH CONF],144.95,right
157,potted plant,0.255,28.84,1,"1) the object appears to be a large potted plant with long leaves, placed on top of a stone pedestal.
2) the potted plant is located in the center of the image.
3) the potted plant has brown and green leaves, while the stone pedestal is grey and rectangular in shape.
4) i recommend moving left from this point to avoid bumping into the potted plant or the stone pedestal.
5) by moving left, you will be able to continue navigating your path without any obstructions.",7813.91,left
158,person,0.261,30.09,1,"1) the object in the image appears to be a person sitting on a blue chair with white pants, wearing a black shirt. they seem to be indoors, possibly in an outdoor setting.
2) the person is centrally positioned in the image, occupying most of the space within their vicinity.
3) the individual has blurred skin tone which indicates they are human. their clothing consists of a black shirt and white pants. they are seated on a blue chair, which appears to be sturdy and comfortable-looking. the person seems relaxed, suggesting it might not pose any immediate risk or danger.
4) as there doesn't appear to be any imminent threat, i would recommend ""stop"" for now. however, please note that this is just an observation based on the available information in the image and may change as more context becomes clear.
5) the reason behind stopping is that while no immediate danger seems present, it might be best to err on the side of caution. additionally, further details about their surroundings or intentions could provide more insight into any potential risks or actions required.",13005.95,none
159,potted plant,0.291,30.35,0,[FAST MODE - HIGH CONF],236.66,left
160,potted plant,0.271,30.24,1,"1) the object appears to be a large planter with a tree growing in it, located on a sidewalk.
2) the position of the planter is slightly to the left in the image.
3) the planter has an unusual shape and size for a typical garden planter, being quite large and bulky. it contains what appears to be a small tree or shrub growing in it. the planter itself is gray and made of concrete. the tree within it has leaves that are green and brown in color.
4) i would recommend moving right if possible, as there seems to be more open space on the right side. this will allow for easier navigation around the bulky object without bumping into it or tripping over its large base.
5) the reason for this is that navigating around a blindsighted individual can be challenging when encountering unexpected obstacles, especially those with unusual shapes and sizes like this planter. by moving to the right, you will have more space and flexibility in your movement, reducing the risk of accidents or injuries.",12122.77,left
161,potted plant,0.26,29.47,1,"1. the object appears to be a potted plant with green leaves, located on the sidewalk.
2. it is positioned in the center of the image.
3. the potted plant has a rectangular shape with a top that tapers towards one end. it has thick green stems and leaves, indicating it's healthy and well-maintained. being on the sidewalk, there may be risks for the plant or pedestrians if not properly contained.
4. i recommend moving to the right of the potted plant to avoid any potential hazards it might pose.
5. this is because being too close to the plant could cause damage to its roots from excessive foot traffic, and there may be uneven or slippery surfaces on the sidewalk that could lead to a fall if navigating around the plant without paying attention.",21965.04,right
162,potted plant,0.277,24.43,0,[FAST MODE - HIGH CONF],235.02,right
163,potted plant,0.287,29.89,0,[FAST MODE - HIGH CONF],151.18,left
164,potted plant,0.252,24.2,1,"1) the object appears to be a large, green plant with long leaves growing in the ground. it is positioned on the sidewalk next to a red brick building.
2) its approximate position is on the right side of the image.
3) the plant has a round shape and is quite tall, with long, pointed leaves that are a vibrant green color. the location it occupies in the sidewalk could be a potential hazard for pedestrians if they do not see it.
4) i would recommend ""move right"" to avoid accidentally stepping on or knocking over the plant.
5) moving right will allow you to safely bypass the plant and continue walking without any risk of injury from tripping or bumping into it.",18273.84,right
165,person,0.344,29.83,0,[FAST MODE - HIGH CONF],147.67,left
166,bench,0.276,4,0,[FAST MODE - TOO CLOSE],125.05,left
167,person,0.36,30.58,0,[FAST MODE - HIGH CONF],120.59,left
168,potted plant,0.263,29.24,1,"1) the object in the image appears to be a large planter filled with soil and plants, which is placed on top of two cement blocks. it has a black metal frame surrounding it.
2) the planter is located at the center of the image.
3) the planter has an irregular shape due to its planting, and it's quite large compared to other objects in the scene. it has a dark gray color from the metal frame, while the soil and plants inside are green and brown. this object can be seen as potentially dangerous because of its size and position, which may obstruct pedestrian traffic.
4) a recommended navigation instruction would be ""move right"" to avoid colliding with the planter.
5) the reason for this is that the large planter occupies a significant portion of the image's center area, making it necessary for pedestrians to move around it in order to continue their journey safely and without obstructing other walkers.",11355.14,right
169,potted plant,0.253,23.93,1,"1) the object appears to be a large green plant with long leaves, situated in a gravel-covered area outside near a building entrance or patio. it is located on the right side of the image.
2) its approximate position is to the right of the frame.
3) the plant is tall and has long, thin leaves that are bright green in color. it seems to be healthy and well-maintained. the gravel around it appears dry and crumbly. if someone steps on a small part of this gravel while stepping into or out of the building, they might trip or lose their balance, posing a risk for injury.
4) a recommended navigation instruction would be ""move left"" if you are approaching from the entrance of the building, as there seems to be more space and fewer obstacles on that side of the plant. conversely, if you're coming from the patio, it might be safer to ""stop"" or take a closer look before proceeding further, as some uneven gravel may not be immediately visible due to the angle of the image.
5) following these instructions will help ensure safety and prevent accidents in this area, especially for individuals who are blind or have low vision. by being aware of their surroundings and taking cautious steps when navigating around obstacles like plants and gravel, they can better protect themselves from potential hazards.",15049.8,left
170,potted plant,0.253,29.1,1,"1) the object appears to be a large bush with leaves, situated in a yard near the edge of a sidewalk. its location is on the right side of the image.
2) physical characteristics: the bush has green leaves, indicating that it might be healthy and well-maintained. however, due to its size, there could be risks associated with navigating around it if one is not careful.
3) recommended navigation instruction: if you are on the sidewalk and approaching this bush from behind or the sides, consider moving left or stopping, depending on your desired direction of travel. this will allow you to maintain a safe distance from the bush while still being able to navigate around it.
4) explanation: the bush is large enough to potentially obstruct the view for pedestrians and cyclists if they are not paying attention to their surroundings. by moving left or stopping, you can safely avoid any risks associated with navigating too close to the bush without being overly cautious.",11782.07,left
171,potted plant,0.266,29.29,1,"1) the object appears to be a large bush, possibly with thorns, due to its size and shape. it is located on the right side of the image.
2) its approximate position is in the foreground or middle ground of the image, depending on the perspective. it can also be considered as an obstacle that the blind user might not notice at first glance.
3) the bush has a large and round shape with green leaves, indicating that it's likely healthy and well-maintained. its size suggests that it could pose a risk of tripping or getting injured if navigated around carelessly.
4) it would be recommended for the blind user to move left or stop, depending on their current direction, in order to avoid the bush as an obstacle. this will ensure they maintain a safe path and reduce the risk of injury from thorns or tripping over the bush's base.
5) the reason for this instruction is that the bush can be easily missed due to its location and size. it's essential for the blind user to be aware of their surroundings and avoid potential hazards, especially in an outdoor environment where obstacles may not always be clearly visible or distinguishable by touch alone.",26491.23,left
172,potted plant,0.281,29.18,0,[FAST MODE - HIGH CONF],146.83,right
173,chair,0.275,19.15,0,[FAST MODE - HIGH CONF],121.3,left
174,potted plant,0.266,7.34,0,[FAST MODE - TOO CLOSE],9422.31,left
175,chair,0.299,16.72,0,[FAST MODE - HIGH CONF],122.16,left
176,potted plant,0.327,29.1,0,[FAST MODE - HIGH CONF],114.78,left
177,potted plant,0.329,29.22,0,[FAST MODE - HIGH CONF],112.27,left
178,potted plant,0.269,11.54,1,"1) the object in the image appears to be a large cactus plant with multiple spines, possibly growing from a concrete planter box. it is located on a sidewalk near some chairs.
2) the cactus plant seems to be situated in the middle of the sidewalk.
3) the cactus plant has numerous sharp spines that could potentially cause injury if touched or accidentally brushed against. its size and location may also obstruct pedestrian pathways, posing a risk for tripping or stumbling.
4) to ensure safety, it is recommended to move the cactus plant (or its planter box) to the side of the sidewalk, away from the chairs and other obstacles. this would provide more space for pedestrians to walk comfortably without any hindrance or risk.
5) by relocating the cactus plant in this manner, it will allow people walking by to pass by without any obstructions, reducing the risk of accidents or injuries due to its sharp spines and size. additionally, moving the plant may also make it more visible and accessible for maintenance purposes.",24094.91,none
179,person,0.28,29.37,0,[FAST MODE - HIGH CONF],129.74,left
180,person,0.287,29.33,0,[FAST MODE - HIGH CONF],135.63,left
181,chair,0.362,24.46,0,[FAST MODE - HIGH CONF],125.31,left
182,person,0.323,28.89,0,[FAST MODE - HIGH CONF],114.3,left
183,potted plant,0.274,24.15,0,[FAST MODE - HIGH CONF],113.81,right
184,potted plant,0.273,24.87,0,[FAST MODE - HIGH CONF],129.13,right
185,potted plant,0.274,28.92,0,[FAST MODE - HIGH CONF],160.57,left
186,person,0.264,29.81,1,"1) the object appears to be a blue chair, which is blurred out in the image. it's located on the left side of the photo.
2) its approximate position is ""left"" from the current viewpoint.
3) the physical characteristics of the chair include its blue color and round shape with four visible legs. it is a stationary object, so it poses no immediate risks to the user. however, if there are any obstacles or hazards near the chair's path, they should be navigated around.
4) a recommended navigation instruction would be ""move right"". this will allow the blind user to maintain their current direction and avoid colliding with the blue chair.
5) the reason for this recommendation is that since the chair is on the left side of the image, moving right will help the user continue navigating safely without coming into contact with it.",23989.59,left
187,potted plant,0.254,24.19,1,"1) the object in the image appears to be a large green plant with long leaves, also known as a palm tree. its approximate position is on the right side of the image.
2) the palm tree has a wide base, typical for its species, and it stands tall against the backdrop of red bricks, suggesting that it's located outdoors. the plant appears to be healthy and well-cared for, indicating that it might not pose any risks to the surrounding environment or people.
3) a recommended navigation instruction in this case would be ""move right"" as there are no immediate obstacles blocking one's path towards the palm tree. the user should exercise caution while moving closer to avoid accidentally tripping on any unseen objects, sticks, or uneven surfaces near the plant.
4) the palm tree is a familiar sight in many parts of the world and poses no immediate danger to people or pets. it's important for users to be aware of their surroundings when moving around plants like this one, especially if they are unfamiliar with the area. by following these guidelines, users can safely navigate through the space without encountering any issues.",23568.09,right
188,potted plant,0.275,27.73,0,[FAST MODE - HIGH CONF],129.38,right
189,potted plant,0.267,28.34,1,"1) the object appears to be a white dog, possibly standing in the grass next to a sidewalk.
2) the dog is located on the left side of the image.
3) the dog is relatively small, white in color, and has a round body shape with long legs. it seems friendly and harmless.
4) i recommend moving right. this will give the blind user more space to navigate around the dog safely.
5) a dog may not be able to predict human movements or intentions as well as humans can. by giving it space, we reduce the risk of accidentally startling the dog and causing a dangerous situation for both the blind person and the animal.",8837.3,left
190,potted plant,0.263,28.52,1,"1) the object in the image appears to be a large bush or tree, with green leaves visible through its branches. it is located on the left side of the frame.
2) its approximate position is in the foreground, blocking part of the pathway and partially obstructing the view of the background area.
3) the physical characteristics of this object are that it has a dense covering of green leaves and appears to be relatively large compared to other objects in the scene. it might pose risks due to its size and position, as it could potentially block or slow down pedestrians walking along the pathway.
4) a recommended navigation instruction would be ""move right"" since this will allow the user to bypass the obstruction posed by the bush/tree while continuing on their journey towards the brick building in the background.
5) this recommendation is based on the assumption that there are no other hazards or obstructions present on the pathway, and that moving right provides a clear path forward without any further impediments.",12031.72,left
191,potted plant,0.278,23.52,0,[FAST MODE - HIGH CONF],131.08,right
192,potted plant,0.257,27.51,1,"1) the object in the image appears to be a large, green bush growing near a sidewalk. it is partially cut off due to the angle of the photo.
2) the bush is located on the right side of the frame.
3) the bush has a round shape and a dark green color. its size suggests that it may pose a potential obstacle for pedestrians walking along the sidewalk, as they might not see it in time to avoid a collision.
4) i recommend moving right to avoid the bush.
5) this is recommended because there seems to be more open space on that side of the frame and the bush's size suggests that it could obstruct someone's path if they walk towards it.",9410.97,right
193,person,0.287,27.17,0,[FAST MODE - HIGH CONF],132.03,left
194,person,0.285,27.37,0,[FAST MODE - HIGH CONF],127.13,left
195,person,0.262,28.55,1,"1) the object appears to be a green trash can.
2) it is located on the left side of the image.
3) the trash can has a cylindrical shape, is approximately one-third full, and is bright green in color. there are no immediate risks associated with it.
4) the recommended navigation instruction for this user would be to move right, away from the trash can.
5) this recommendation is based on the fact that there are people walking nearby, and moving right allows them to maintain a safe distance from the trash can while also avoiding any potential obstacles or hazards in their path.",30837.4,left
196,person,0.264,28.16,1,"1) the object in the image appears to be a green trash can, which is an obstacle that the blind user needs to navigate around.
2) the green trash can is located on the left side of the frame.
3) the trash can is cylindrical and tall with a bright green color, making it easily noticeable despite its presence in the blurry image.
4) i would recommend that the user moves to their right to avoid the obstacle.
5) moving to the right will help the blind user avoid bumping into the trash can and continue walking safely without any risk of injury or damage to personal belongings.",8796.66,left
197,person,0.257,28.4,1,"1) the object in the image appears to be a blue chair, which is situated on a sidewalk.
2) the chair is located towards the left side of the frame.
3) the chair is blue in color and has four visible legs that are attached to it. it seems sturdy but may pose risks if there's an obstacle in its path.
4) i recommend navigating ""move right"" as this will allow you to avoid potential hazards on the sidewalk, such as uneven surfaces or debris.
5) by moving to the right, you can ensure that your path is clear and reduce the risk of tripping over the chair or encountering other obstacles while navigating the sidewalk.",21529.42,left
198,person,0.268,27.52,1,"1) the object appears to be a trash can, which is typically used for disposing of waste materials. it is cylindrical in shape with a lid on top.
2) its approximate position is on the left side of the image.
3) the trash can is usually green or black and has an opening at the bottom where items are placed before being closed by the lid. trash cans often have wheels for easy mobility, but this may vary depending on their design.
4) i recommend moving right if you encounter a trash can while navigating.
5) a trash can is typically not an immediate obstacle unless it is blocking your path or has items that could cause harm if stepped on. in general, the primary purpose of a trash can is for waste disposal and does not pose significant risks to pedestrians. however, it's essential to maintain awareness of your surroundings when navigating as there may be other obstacles or hazards in the area that require attention.",11801.92,left
199,potted plant,0.269,28.21,1,"1) the object in the image appears to be a potted plant, which is placed on top of a concrete step. it has long green leaves that are drooping over the side of the pot, adding an element of nature to the urban setting.
2) its approximate position can be described as being located on the left side of the frame and facing towards the right.
3) the potted plant is round in shape with a flat base supporting its weight. it has long green leaves that are drooping over, which may create some obstruction for pedestrians if they don't notice it.
4) based on the current position of the potted plant and its proximity to the sidewalk, i would recommend moving left or right depending on one's direction to avoid tripping over the drooping leaves.
5) the reason for this recommendation is that pedestrians may not be aware of the presence of the long green leaves extending from the pot into the walkway, and stepping around it will ensure their safety while also respecting the placement of the potted plant on the sidewalk.",12453.57,left
200,person,0.315,28.49,0,[FAST MODE - HIGH CONF],137.11,left
201,person,0.266,27.75,1,"1) the object appears to be a pair of blue sneakers.
2) the sneakers are located on the left side of the image, near two people.
3) the sneakers are blue in color, relatively small compared to their owner's size, and have white soles. they may pose a tripping hazard if not noticed by pedestrians.
4) i recommend moving right.
5) by moving right, you can avoid the blue sneakers and any potential accidents they might cause for other pedestrians.",7951.48,left
202,person,0.264,26.16,1,"1) the object appears to be a brown purse, also known as a handbag.
2) the purse is located on the ground in front of the blue chair.
3) the purse has a leather exterior and is approximately medium-sized. it is placed close to the chair.
4) i recommend moving right to avoid accidentally stepping on or tripping over the purse.
5) by navigating away from the purge, you can prevent any potential accidents or injuries that may occur due to its placement in a walking path.",8025.84,right
203,person,0.272,29.17,0,[FAST MODE - HIGH CONF],133.09,left
204,person,0.251,29.13,1,"1) the object appears to be a person sitting in a blue chair, but their face is blurred out due to motion. this suggests that the photo was taken quickly or without the subject's cooperation.
2) based on the cropped image, it is difficult to determine the exact position of this person and their surroundings. they could be sitting in a blue chair near a window, but we cannot confirm this with certainty from the current perspective.
3) the physical characteristics that can be identified include:
	* the individual is wearing a black shirt.
	* a blue chair, which appears to have comfortable armrests and a sturdy frame.
4) it is recommended to ""stop"" or maintain your current position due to the unclear circumstances of the image capture. sudden movement could lead to accidents, especially since there are other objects in the scene that cannot be seen clearly (e.g., chairs with blue cushions).
5) stopping allows for a clearer assessment of the situation and helps avoid potential hazards that might not be visible from the limited viewpoint.",32632.51,none
205,person,0.261,26.71,1,"1. the object in the image appears to be a woman's handbag, which is hanging from one of the chairs. it is located on the right side of the image.
2. its approximate position relative to other objects: it is closer to the blue table and chair than to any other objects.
3. the handbag is brown in color, small in size, and has a strap hanging from one of the chairs. it could potentially be a tripping hazard if not noticed.
4. a recommended navigation instruction would be ""move right"" towards the blue chair that the handbag is attached to, as it would make sense for someone who wants to retrieve or examine the bag.
5. this recommendation is based on the fact that people usually move towards objects they are interested in or need, and since the handbag appears to be hanging from a chair rather than placed intentionally, it might draw attention if approached.",22013.54,right
206,chair,0.282,25.23,0,[FAST MODE - HIGH CONF],141.66,left
207,person,0.273,26.74,0,[FAST MODE - HIGH CONF],115.45,left
208,person,0.267,28.12,1,"1) the object in the image appears to be a person sitting on a chair, but their face is blurred out.
2) this individual is positioned centrally within the frame of the image.
3) the person's body is covered with a black shirt and blue shorts, indicating that they are likely wearing athletic clothing. they are seated comfortably on a blue chair which suggests they may be in a relaxed state or waiting for something.
4) it would be recommended to move right if the person were standing and attempting to navigate around them, but as they are currently sitting, they should stop moving to avoid any accidental collision.
5) the reason to stop is due to the blurred face of the individual in the center of the image, making it difficult to discern their intentions or reactions to sudden movements. this would help prevent potential accidents or misunderstandings.",10807.37,right
209,person,0.259,25.76,1,"1) the object appears to be a blue chair with a brown bag hanging from its handle.
2) it is located on the right side of the image.
3) the chair is medium-sized, rectangular in shape, and has a comfortable looking seat. the bag hanging from it is small and brown. there are no immediate risks associated with these objects.
4) i would recommend moving left if you are currently facing towards the blue chair with the brown bag.
5) moving left will help you avoid bumping into the chair or accidentally dropping the bag, as they are obstructing your path on the right side of the image.",8799.36,left
210,person,0.25,25.41,1,"1. the object appears to be a chair, specifically designed for children with its colorful and fun design.
2. its approximate position is on the left side of the image.
3. it has a unique and eye-catching design that stands out against other furniture in the room. however, it may pose a risk if someone tries to sit on it without proper supervision due to its height being closer to the ground compared to regular chairs.
4. i would recommend moving left to avoid accidentally sitting on this chair or getting too close to it. this is because it seems to be intended for children and not adults, so it may not provide adequate support or safety features for an adult user.
5. by following this instruction, you can ensure that both you and the child in the image remain safe and avoid any potential risks associated with sitting on this chair.",23055.74,left
211,person,0.294,27.84,0,[FAST MODE - HIGH CONF],130.14,left
212,person,0.269,28.32,1,"1) the object in the image appears to be a blue plastic chair, which is located on a paved surface.
2) the chair is positioned between two people who are standing close to it. one person is on the left side of the chair and the other is on the right side.
3) the chair is blue in color and made of plastic material. it has a curved backrest with armrests, providing comfort for its users. however, since it's positioned between two people who are standing close to it, there might be limited space around the chair.
4) a recommended navigation instruction would be ""move right"" for the person on the left side of the chair and ""stop"" for the person on the right side. this will help in freeing up some space around the chair and avoid any accidental collision with other objects or people nearby.
5) the reason for these instructions is that, by moving away from the chair, both individuals can create more space around it, reducing the risk of accidents or injuries due to collisions with the chair or each other. this will also help in maintaining a safe and comfortable environment for everyone in the vicinity.",24836.1,left
213,person,0.256,26.18,1,"1) the object appears to be a bird, possibly an injured one given its proximity to people on chairs. it's located in the foreground of the image.
2) the bird is positioned between two blue plastic tables, which are in front of some people sitting on chairs.
3) the bird is small and brown, with a round body and long tail feathers. its proximity to people suggests it might be injured or unable to fly away.
4) i would recommend moving left if you are standing near the table closest to the bird, in order to give it some space. this will allow the bird to move freely without causing any harm to itself or disturbing the people around it.
5) the recommended navigation instruction is to ""move left"" because it creates a safer environment for both the bird and the people present, reducing potential risks associated with sudden movements that could startle the bird or cause accidents.",45657.45,left
214,person,0.275,28.25,0,[FAST MODE - HIGH CONF],124.08,left
215,person,0.292,26.09,0,[FAST MODE - HIGH CONF],117.24,left
216,person,0.267,25.17,1,"1) the object appears to be a pair of binoculars, which are typically used for viewing distant objects.
2) they are located in the center of the image.
3) binoculars are usually long and thin, with a tubed body that connects two lenses on either end. they come in various sizes and colors, but most commonly they are black or dark-colored to help reduce glare from sunlight. binoculars can be expensive and fragile, so it's important to handle them carefully.
4) ""move left"" is the recommended navigation instruction because there appears to be a potential obstacle in the binoculars' path that could cause damage if they were to continue moving forward.
5) the presence of chairs and people suggests that this area might be crowded or busy, so it's best for the binoculars to move out of the way to avoid any accidents or collisions with other objects or individuals.",11339.9,left
217,person,0.251,26.22,1,"1) the object appears to be a blue chair, which is the main focus in the center of the image.
2) its approximate position is in the middle of the photo, occupying a significant portion of the frame.
3) this blue chair is relatively large and stands out due to its color. it has four legs supporting it and appears comfortable with cushioning for seating. however, there's an obstacle that's partially blocking part of the chair.
4) i would recommend moving right in order to navigate around the obstacle.
5) this recommendation is made because moving right will allow you to avoid hitting or bumping into the obstacle while still maintaining a clear path through the scene.",17214.05,right
218,bench,0.306,23.22,0,[FAST MODE - HIGH CONF],120.11,left
219,person,0.313,26.9,0,[FAST MODE - HIGH CONF],110.04,left
220,bench,0.259,24.99,1,"1. the object appears to be a brown purse, hanging from the armrest of a blue chair.
2. it is located on the left side of the image.
3. the purse is brown in color, rectangular in shape with visible pockets and straps. the chair is blue, made of metal and wood material. the risks are that the purse might fall if not secured properly.
4. move your fingers towards the right to reach the table leg or move closer to secure it without touching other objects like books on the floor or chairs in the background.
5. this is recommended because moving closer will allow you to carefully grasp the purse from its hanging point, ensuring that it doesn't fall and cause any damage or injury. additionally, it helps avoid contact with nearby objects such as books and other chairs that might be fragile or pose a risk of tripping.",10741.75,left
221,bench,0.263,26.13,1,"1) the object appears to be a person sitting on a chair, possibly in an outdoor setting with other people around.
2) the person is centrally located within the image frame.
3) physical characteristics: the person has gray hair and seems to be wearing a blue shirt. they are seated comfortably on a blue chair. the chair is one of several chairs in the scene, suggesting that this might be an outdoor area with multiple seating options for people to use.
4) navigation instruction: ""move right"". this would suggest continuing to navigate towards the direction where other similar chairs and seating areas are located, possibly indicating a larger public space or gathering spot nearby.
5) explanation: the person is currently occupying one of several available chairs in this area. to make use of more available seating options in this outdoor setting, they should consider moving towards other similar chairs that may be closer to them but not directly visible within the image frame.",11541.48,right
222,person,0.251,28.9,1,"1) the object appears to be a metal railing, possibly part of a building's exterior or an outdoor structure.
2) it is located on the right side of the image.
3) the railing is curved, has sharp edges, and appears to be metallic in color. it could pose a risk if someone were to accidentally come into contact with it due to its sharpness.
4) i would recommend moving away from this object or stopping close by to avoid any potential harm. this would be the safest action given the risks associated with the railing's design.
5) the reason for this recommendation is that the curved, metallic nature of the railing makes it potentially dangerous due to its sharp edges, and staying away from or stopping near it minimizes any risk of injury.",18639.8,right
223,person,0.251,27.83,1,"1) the object appears to be a person wearing a blue shirt, standing in the middle of three children who are all looking at him. this person seems to be the father or a caretaker of the children. his position is between two chairs and one child.
2) the person in the blue shirt is located on the right side of the image, with two children on his left and another child behind him. there are two chairs on the left side of the image.
3) this image has various elements that can be observed: a family unit (the adult and three children), two chairs, and possibly other people in the background walking by or standing around. the colors seen include blue (for one person's shirt), pink (for one child's dress), and white (for another child's dress).
4) a recommended navigation instruction for this image would be to ""move right"" towards the person in the blue shirt, as he seems to be the main focus of the children. the children are looking at him, indicating his importance in this scene.
5) the reason for this recommendation is that the person in the blue shirt appears to be actively engaged with the children and may be offering them something or telling them a story. by moving towards him, the user can engage with the family unit and potentially participate in their activities.",25421.93,left
224,chair,0.251,23.52,1,"1) the object in the image appears to be a chair with a bird hanging from its armrest.
2) the chair is located on the left side of the frame, while the bird is attached to the right armrest of the chair.
3) the chair has blue and black colors, giving it a modern and sleek appearance. the bird seems to be brown in color, contrasting with the chair's colors. one risk associated with this setup could be that the bird may accidentally cause damage or injury due to its movements or attempts to fly away from the chair.
4) based on the image, it would be recommended for a blind user to ""move right"" if they need to avoid colliding with the bird hanging from the armrest of the chair. by moving right, they can maintain a safe distance from both the bird and the chair while navigating their environment.
5) the reason for this instruction is that the bird may move unpredictably or try to escape by flying away from its position on the armrest. by moving right, the blind user can avoid accidentally hitting the bird or causing it harm while also ensuring they maintain a safe path in their surroundings.",13082.47,left
225,person,0.277,25.81,0,[FAST MODE - HIGH CONF],118.17,left
226,person,0.253,25.51,1,"1) the object appears to be a person standing with their hands on their hips, wearing a white shirt and blue shorts. they are surrounded by chairs.
2) the person is centrally located in the image.
3) the person has long hair and is wearing a pink skirt as well as a black backpack. there are several chairs around them, some of which are stacked on top of each other. some of the chairs appear to be folded up.
4) a recommended navigation instruction would be ""move right"" because there seems to be more space and fewer obstacles in that direction.
5) this is because it appears that the person has ample room to navigate around the chairs, reducing the risk of bumping into them or tripping over any obstacles that may be present in their path.",10331.4,right
227,person,0.274,28.04,0,[FAST MODE - HIGH CONF],128.4,left
228,person,0.287,24.99,0,[FAST MODE - HIGH CONF],113.35,left
229,person,0.265,26.01,1,"1) the object in the image appears to be a large white bag, possibly containing ice cream cones.
2) the large white bag is located on the left side of the frame.
3) the bag is large, white, and cylindrical in shape. it may contain ice cream cones if it's indeed an ice cream stand. if not properly handled or secured, there might be a risk of it spilling its contents onto the ground.
4) i would recommend moving away from the bag to avoid any accidental contact with it or knocking it over if it is unstable due to uneven surfaces.
5) this recommendation is made to ensure safety and prevent any possible damage or mess caused by the large white bag.",9556.31,left
230,person,0.266,24.91,1,"1. the object in the image is a blue plastic chair with metal legs and armrests. it appears to be used for sitting purposes.
2. the chair is located on the left side of the image, occupying a significant portion of the frame.
3. the chair has a distinctive blue color and is made of plastic material. its metal legs and armrests give it a sturdy appearance. it's a common object found in various outdoor settings or public spaces.
4. based on its position, i would recommend navigating to the right if you are approaching from behind the chair or moving towards it if you are facing away. this is because your path does not seem obstructed and there are no other objects nearby that could pose a risk of collision.
5. the chair's location in the image suggests that it might be part of an outdoor seating arrangement, such as a park or a public event. it's essential to navigate carefully around it to avoid accidents or damage to the chair.",11791.47,left
231,chair,0.275,22.94,0,[FAST MODE - HIGH CONF],129.92,left
232,person,0.276,24.68,0,[FAST MODE - HIGH CONF],110.8,left
233,potted plant,0.25,21.67,1,"1) the object appears to be a large concrete planter filled with soil, housing a tall plant with long leaves. it is placed on the ground.
2) its approximate position is in the center of the image.
3) the planter has an irregular shape, resembling a large rectangle with a smaller rectangle cut out from one side. it is gray and brown, indicating it's made of concrete. the plant inside it has long leaves that reach upwards, suggesting it requires ample sunlight. there are no visible risks in the image.
4) a recommended navigation instruction would be ""move right"" to avoid the planter as you walk by. 
5) this is because the large planter takes up a significant amount of space on the ground, and moving right allows for easier passage around it while still being aware of its presence.",22321.43,right
234,chair,0.267,22.36,1,"1) the object in the image is a brown purse hanging from a blue chair with legs, which appears to be small and lightweight. it seems to be made of fabric or leather.
2) the purse is positioned on the left side of the chair.
3) the chair itself is blue and has four legs that are slightly apart. it's relatively small in size compared to its surroundings. the purse appears to be hanging from one of the chairs' armrests or straps, which might make it difficult for a person to access if they were trying to use the chair as seating.
4) i would recommend moving the purse away from the chair's hanging area. this will allow people to sit on the chair without getting caught in it and provide easy access to the purse when needed.
5) moving the purse away from the chair will eliminate any potential hazards or inconveniences that could arise from its current position, making the space safer and more functional for users who may need to sit on the chair while also wanting to keep their belongings within reach.",22309.82,left
235,potted plant,0.268,20.68,1,"1) the object in the image appears to be a small plant with dark leaves, placed inside a gray pot that is mounted on a concrete base with legs.
2) the position of this object is centrally located in the image.
3) the plant has dark green leaves and long thin stems, which extend out from its center. the gray pot is square-shaped with four legs, one at each corner for stability. the concrete base on which it rests appears to be flat and solid.
4) based on the current view of the image, i recommend navigating ""move forward"" or ""stop"", as there isn't enough information to determine if there are any immediate obstacles ahead or behind.
5) the reason for this recommendation is that without additional context or a broader view of the surroundings, it is difficult to accurately judge potential hazards in the path and decide whether moving forward or stopping would be safer.",11128.11,none
236,bench,0.256,22.22,1,"1) the object in the image appears to be a blue folding chair, which is an outdoor patio chair with a foldable frame. it's small enough to fit on a sidewalk or other small surface area.
2) its approximate position is on the right side of the image.
3) this blue chair has a comfortable seat and backrest, it's lightweight, portable and easy to carry when needed. the risks are minimal as it is made of materials suitable for outdoor use.
4) i would recommend navigating around this chair by moving right or left, depending on the path you want to take.
5) this advice is given because the blue folding chair seems to be occupying some space that could have been used otherwise, and avoiding it will allow for a smoother navigation in this area.",47133.07,left
237,person,0.256,23.13,1,"1) the object in the image appears to be a cardboard box filled with books, which is placed on top of a blue chair.
2) the chair with the box on it is located on the right side of the image.
3) the chair is blue and has four legs. it is positioned near a gray wall. the box on top of the chair appears to be made of cardboard, and it seems to contain books. it is relatively small compared to the size of the chair.
4) based on its location and potential risks, i would recommend moving left from this point to avoid any accidental falls or spills from the box.
5) this recommendation is based on the fact that the box appears unstable if it were to fall off the chair, potentially causing damage to nearby objects or posing a risk of injury due to falling items. by moving away, one can maintain a safe distance and avoid any potential hazards associated with the box's current position.",44371.91,left
238,person,0.251,23.23,1,"1) the object appears to be a blue chair.
2) it is located in the foreground, towards the bottom center of the image.
3) the chair is solid and upright, with a vibrant blue color that contrasts against its surroundings. its position suggests it may pose as an obstacle if not noticed in time.
4) if you are walking towards this chair, i recommend stopping to avoid collision or navigating around it carefully.
5) stopping or navigating around the chair is necessary because it's a solid and immovable object, posing a risk of injury if one were to collide with it while moving at high speed or without paying attention to their surroundings.",18268.12,right
239,person,0.266,23.07,1,"the image shows a person riding a skateboard on top of a green bench in the middle of the scene. the obstacle appears to be quite large, taking up most of the frame. it has an irregular shape with jagged edges and seems to be made of concrete or metal. its color is predominantly grey with some greenish tint from weathering. 

the person on the skateboard is wearing a blue shirt and helmet, indicating safety measures taken while performing this action. the risk associated with this obstacle is significant as it could cause injury if not navigated around carefully or if attempted to be jumped over without proper preparation. 

given its size and location in the middle of the scene, i would recommend moving left to avoid this obstacle. this will allow the person on the skateboard to continue their journey safely, while also reducing the risk of collision with the obstacle.",11534.84,left
240,person,0.25,21.68,1,"1) the object in the image appears to be a chair, which is blue in color. it is located on a sidewalk near some other people.
2) the blue chair is positioned centrally within the frame of the image.
3) the chair has four visible legs and a backrest, making it suitable for sitting. its location on the sidewalk may pose risks to pedestrians if it obstructs their path or if they accidentally come into contact with its sharp corners while walking by.
4) a recommended navigation instruction would be ""move left"" for any approaching person to avoid collision and ensure a smooth passage along the sidewalk.
5) this advice is based on the fact that the chair is occupying space within the walking path, which might not provide enough room for people to walk around it comfortably. moving away from the chair will help pedestrians maintain their usual pace and avoid potential accidents.",11319.28,left
241,person,0.289,21.59,0,[FAST MODE - HIGH CONF],123.33,left
242,person,0.25,26.69,1,"1) the object in the image is a blue folding chair. it appears to be designed for outdoor use, with a compact size that allows it to be easily transported or stored when not in use. its color contrasts with the surrounding environment, making it stand out from other objects.
2) the chair is located on the right side of the image, between two people who are walking by. it seems to be unoccupied at the moment.
3) the blue folding chair has a sleek design that allows it to be folded and unfolded for easy portability. its color is bright blue, which makes it visually distinct from its surroundings. there doesn't seem to be any immediate risks associated with the chair in this setting.
4) based on the position of the people walking by, i would recommend moving left if you need a place to sit or rest. this will give them enough space to walk freely without bumping into the chair.
5) the recommended navigation instruction is based on the fact that the two people are passing by and might require more space to move comfortably. by moving the chair, it demonstrates consideration for others' needs and ensures a smooth flow of pedestrian traffic in this area.",22109.69,left
243,person,0.26,23.74,1,"1) the object in the image is a pile of green bricks or blocks on top of a blue chair. it appears to be stacked haphazardly, with some bricks leaning against each other while others are tilted at an angle.
2) the pile of green bricks and the blue chair are both in the center of the image.
3) the object is made up of multiple small bricks or blocks, stacked on top of a larger blue plastic chair. it has a rough, uneven texture due to its haphazard arrangement. there's no immediate risk associated with it.
4) a recommended navigation instruction would be ""move left"" if the user is currently moving towards this pile from the left side and needs to avoid colliding with it. alternatively, if the user has already passed by the chair or is coming from the right side of the image, a ""stop"" might be necessary.
5) the reason for these instructions depends on the user's location in relation to the objects. if they are approaching the pile and chair from the left, they should move left to avoid collision. if they have already passed by or are coming from the right side of the image, stopping would be a safer option to prevent accidentally knocking over the stacked bricks or chair.",14448.04,left
244,person,0.267,23.28,1,"1) the object in the image appears to be a blue chair, which is situated on a sidewalk.
2) the blue chair is positioned on the left side of the image.
3) the chair has a rectangular shape with four distinct legs and a backrest. it is light-colored and features cushioning for comfort. the location on the sidewalk presents risks, such as potential obstacles or uneven pavement that could cause accidents or discomfort to individuals using the chair.
4) i recommend ""stop"" in this situation because it appears that there is an approaching group of people, and the presence of a chair on the sidewalk might hinder their path or pose a safety risk for both pedestrians and the chair itself.
5) the reason for stopping is to avoid any potential accidents or discomfort caused by the blue chair's placement on the sidewalk, especially as people are approaching. moving the chair out of the way would ensure a safer path for both the individuals and their belongings.",21945.08,left
245,chair,0.264,21.6,1,"1) the object in the image appears to be a blue chair, which is located on a sidewalk near some people's feet.
2) the chair is positioned slightly to the left of the center of the image.
3) the chair has four legs and is made of plastic material. it is blue in color, which stands out against the grey pavement of the sidewalk. there are no visible hazards related to this object.
4) i would recommend moving away from the chair if you are walking along the sidewalk, as it could obstruct your path or cause you to trip.
5) the chair is stationary and not currently posing a danger. however, since it is in the way of pedestrians, removing it from the walkway would prevent potential accidents or injuries.",10015.38,left
246,chair,0.271,22.37,1,"1) the object appears to be a blue chair.
2) it is located on the left side of the image.
3) the chair has a blue color, a curved backrest, and four legs that are attached to it.
4) i would recommend moving right.
5) this is because there are people walking behind the chair in the background, so it's safer for the blind user to move away from them to avoid any potential obstacles or collisions.",7259.8,left
247,chair,0.252,22.31,1,"1) the object in the image appears to be a blue folding chair with metal legs. it is located on the left side of the frame.
2) its approximate position is to the left, as it stands out against the background.
3) the blue color and folding design make it easily recognizable. the metal legs provide stability, but the thin metal frame could be a potential hazard if someone were to accidentally bump into it or fall over while sitting on it.
4) it would be recommended for the blind user to move left in order to avoid any potential obstacles or collisions with other objects in their path.
5) this is because the blue folding chair appears to be stationary and may pose a risk if not avoided, ensuring the safety of the user.",20691.27,left
248,person,0.312,24.85,0,[FAST MODE - HIGH CONF],166.07,left
249,potted plant,0.256,24.16,1,"1) the object in the image appears to be a small pile of gravel.
2) it is located on the sidewalk, which suggests it might be on either the left or right side depending on the viewer's perspective.
3) the gravel pile has an irregular shape and seems to be smaller in size compared to other objects in the image. its color may vary but generally looks like a mix of different shades of grey, brown, and black. there is no immediate risk associated with the gravel pile itself unless someone accidentally steps on it or trips over it.
4) as for navigation instruction, i would recommend to ""move right"" if you are approaching from the left side of the image, or ""move left"" if you are coming from the right side. this is because moving past the gravel pile should allow you to continue on your path without any significant obstruction.
5) the reason for this navigation instruction is that while the gravel pile may be a minor inconvenience, it does not pose an immediate threat or danger to anyone who encounters it. by moving around it rather than stopping or stepping over it, you can continue on your path with minimal disruption.",25229.64,left
250,person,0.254,22.1,1,"1) the object appears to be a blue chair.
2) it is positioned on the left side of the image.
3) the chair is blue in color, has four legs, and seems sturdy. however, it is obstructing the path for other people who are walking around it.
4) i recommend moving right to clear a path through the area where the chair is located.
5) moving right will allow others to continue walking freely without having to navigate around the chair.",20957.21,left
251,potted plant,0.272,23.46,1,"1) the object appears to be a small green bush, possibly a part of a garden bed. it's located on the edge of a sidewalk or lawn.
2) its approximate position is towards the right side of the image.
3) physically, it has leaves and stems in various shades of green. it appears to be quite small compared to other bushes nearby. the risks associated with this obstacle are minimal as it's not a large or heavy object.
4) a recommended navigation instruction would be ""move right"" because the user is currently closer to the left side of the image and needs to move past the bush to continue their journey.
5) this is based on the assumption that the user is moving along the pathway or lawn and needs to pass this small obstacle before continuing. it's important to note that there are no significant barriers or hazards presented by this bush, so it can be safely navigated around.",11465.06,left
252,potted plant,0.274,18.57,0,[FAST MODE - HIGH CONF],170.77,left
253,person,0.257,23.35,1,"1) the object in the image appears to be a woman with blonde hair standing in front of a group of people who are sitting on chairs. she is wearing a white shirt.
2) the woman is positioned towards the center of the image, while the group of people and their chairs fill up most of the background.
3) the woman has shoulder-length blonde hair and she is wearing a white long-sleeved shirt. she seems to be standing in front of a large group of people who are sitting on blue plastic chairs. there are at least 10 chairs visible in the image, making up about half of the background area.
4) it's recommended for the woman and other individuals nearby to move left or stop moving, depending on which side they need to avoid collisions with people or objects. this is because there seems to be a large amount of pedestrian traffic in front of them, creating potential risks for accidents if they continue moving forward.
5) the presence of multiple chairs and the number of people indicate that this could be an event or gathering taking place indoors, such as at a conference or social function. it's important for everyone to remain aware of their surroundings and take necessary precautions to avoid accidents or injuries.",14265.39,left
254,chair,0.263,20.82,1,"1) the object in the image appears to be a brown purse hanging from a blue chair's armrest.
2) the purse is located on the left side of the chair, dangling down towards the floor.
3) the purse is medium-sized and has a dark brown color. it poses no immediate risks to the user. however, it may obstruct their path if they attempt to move around the chair.
4) i recommend moving slightly to the right to avoid bumping into the hanging purse. this will allow you to navigate more easily without any obstacles in your way.
5) by taking this action, you can safely and efficiently move around the area while avoiding any potential hazards or discomfort caused by the hanging purse.",9931.37,left
255,chair,0.265,21.26,1,"1) the object in the image appears to be a hanging bag on a chair. it has a distinct brown color and is draped over one side of the chair.
2) the chair with the hanging bag is positioned centrally within the frame of the image.
3) the bag, which seems to have some straps, is attached to the backrest of the chair through a hook or loop. it is relatively large in size and hangs down from above the seat area of the chair.
4) i would recommend ""move right"" as your navigation instruction at this point because you are approaching the chair from its left side. by moving right, you will be able to get closer to the bag's hanging position without any obstructions or hazards in your path.
5) the reason for this recommendation is that by following ""move right,"" you can effectively navigate around the obstacle of the hanging bag on the chair, allowing you to continue moving forward with ease and safety.",11555.37,left
256,chair,0.284,21.91,0,[FAST MODE - HIGH CONF],132.81,left
257,potted plant,0.259,19.63,1,"1) the object in the image appears to be a large potted plant with long, thin leaves, sitting on a bed of small rocks. it is green in color.
2) the potted plant is located on the right side of the image.
3) the plant has a rectangular shape and its size can be described as quite large compared to other objects in the scene. its main risk would be if it were positioned too close to an entrance or exit, where someone could trip over it or knock it over accidentally.
4) i recommend moving slightly right from your current position so that you do not pass by the potted plant on the right side of the image.
5) this is because the potted plant is a significant object in this scene and it would be best to maintain a safe distance, avoiding any potential hazards or obstacles associated with its size and location.",10516.57,right
258,person,0.279,23.69,0,[FAST MODE - HIGH CONF],137.49,left
259,bench,0.353,20.74,0,[FAST MODE - HIGH CONF],113.43,left
260,chair,0.269,21.07,1,"1) the object in the image appears to be a blue plastic chair, which is smaller than an average person's height. it has a curved backrest with metal armrests on either side.
2) the chair is centrally located within the frame of the image.
3) the chair is bright blue and made of plastic. it appears to be sturdy but not very comfortable, as it lacks cushioning or upholstery. its curved backrest and metal armrests suggest that it might provide some support for a person sitting on it.
4) based on the current position of the chair in relation to other objects in the image, i would recommend moving right. this is because there are people walking by and it seems like they have more space to pass around the chair without any obstructions.
5) the reason for this recommendation is that navigating through a crowd can be challenging, especially for someone who is blind or has limited mobility. by following the path of least resistance and giving way to others, you can avoid potential collisions and make it easier for everyone to move about safely.",27092.89,right
261,bench,0.284,20.7,0,[FAST MODE - HIGH CONF],182.06,left
262,bench,0.261,21.3,1,"1) the object in the image appears to be a blue chair with a brown bag hanging from its armrest.
2) the chair is located on the left side of the image.
3) the chair is blue, has an armrest where the bag is hanging, and the bag is brown. it seems sturdy enough to hold objects without collapsing.
4) i would recommend moving right from this position. this way, you can avoid the chair and continue on your path safely.
5) moving right helps bypass the obstacle of the chair while maintaining a safe distance and direction for navigation.",19442.25,left
263,potted plant,0.25,17.77,1,"1) the object in the image is a potted plant with long leaves, situated on top of some gravel. it appears to be green in color.
2) the potted plant is positioned to the right of the window frame.
3) the plant has long, thin leaves that are slightly wilted and drooping over the edge of the pot. the pot itself is small and round with a smooth surface.
4) it would be recommended for the user to move left if they are currently closer to the potted plant than the window frame. this will allow them to continue navigating along their path without any obstacles.
5) this recommendation is made because moving left from the current position would allow the user to avoid the drooping leaves of the potted plant and maintain a clear path for safe navigation.",21018.46,left
264,person,0.267,21.4,1,"1) the object in the image appears to be a person walking on a sidewalk.
2) the person is located towards the right side of the frame.
3) the individual has blue jeans, which are visible through their pants. they also have long hair and seem to be carrying a bag. it's difficult to determine other physical characteristics due to the cropped image.
4) based on the limited information available, it is recommended for the blind user to ""move left"" in order to create more distance between themselves and the person walking towards them.
5) this recommendation is made out of an abundance of caution, as it's important for a blind individual to maintain a safe distance from any moving objects or people to avoid accidents or collisions.",9565.9,left
265,chair,0.279,20.17,0,[FAST MODE - HIGH CONF],117.9,left
266,person,0.258,25.57,1,"1) the object in the image appears to be a person sitting on a chair.
2) the person is located on the left side of the image.
3) the person has blonde hair, is wearing a blue shirt, and there are chairs around them. there is also a pink carpet visible in the background.
4) i would recommend ""stop"" as no immediate action seems necessary from the current position of the objects.
5) stopping at this point allows for further observation or interaction with the person if needed. the blonde-haired person appears relaxed and there are no signs of distress or danger in their posture. the presence of chairs around suggests a comfortable environment, possibly indoors, where people often sit to rest or socialize.",9693.06,left
267,person,0.262,25.16,1,"1) the object appears to be a blue folding chair with wheels, which is an obstacle on the ground. it is located in the center of the image.
2) its physical characteristics include its blue color, four wheels for mobility, and its folded position.
3) this obstacle poses potential risks to pedestrians who may trip or fall over it if they do not notice it in time.
4) a recommended navigation instruction would be ""move right"" as the person appears to be walking towards the chair from the left side of the image, and there are no other visible obstacles on that path.
5) the reason for this recommendation is that moving around the chair will prevent any accidents or injuries due to tripping over it.",9686.78,left
268,chair,0.257,19.52,1,"1) the object appears to be a blue chair with a red bag hanging off it. it is located on the left side of the image.
2) its approximate position is on the ground, taking up space on what could be a patio or outdoor area.
3) the chair is blue and has four legs, giving it an a-frame appearance. there's a red bag hanging off the backrest, which adds a pop of color to the scene. be careful not to trip over the bag while navigating around the chair.
4) i recommend moving right to avoid any obstacles in your path and maintain a safe distance from the chair.
5) doing this will help you navigate around the chair without getting too close or bumping into it, ensuring a smooth and comfortable journey.",9942.61,left
269,person,0.263,25.48,1,"1) the object appears to be a chair, which is blue in color. it seems to be located on the sidewalk outside of an establishment with large windows.
2) the chair's position can be described as being left of center. it is not too close or far from the camera.
3) the chair has a unique design, and its bright blue color stands out against the more muted colors of the surroundings. its risks are minimal unless someone sits on it without realizing that they should not do so since it's placed outside an establishment.
4) i would recommend navigating right to avoid this obstacle as it is less obstructive compared to other objects in the image. however, if there are any signs of danger or a hazardous situation nearby, one should stop and move cautiously.
5) the chair's location on the sidewalk may pose some inconvenience for pedestrians who need to navigate around it. therefore, it is essential to be aware of our surroundings and take necessary precautions while moving through public spaces.",12278.45,left
270,person,0.316,24.94,0,[FAST MODE - HIGH CONF],138.61,left
271,chair,0.364,21.78,0,[FAST MODE - HIGH CONF],131.9,left
272,person,0.255,25.02,1,"1) the object in the image appears to be a person riding a skateboard, which is black with green wheels.
2) the skateboarder is positioned on the right side of the frame, moving away from the camera towards the left.
3) the skateboard itself has two sets of wheels - one set in front and another set at the back. it is a common mode of transportation for people, especially among young individuals. however, it can pose risks if not used responsibly or if proper safety gear is not worn.
4) based on its position and movement, i would recommend ""move left"" to avoid any potential collision with other pedestrians or obstacles in the area.
5) taking this action will ensure that both the skateboarder and others in the vicinity remain safe while navigating through the environment.",10480.45,left
273,person,0.289,24.15,0,[FAST MODE - HIGH CONF],129.59,left
274,person,0.26,21.72,1,"1) the object appears to be a blue chair with metal legs, it is located in the center of the image.
2) its approximate position is in the middle of a sidewalk, surrounded by people walking around.
3) the chair has a sleek design and a vibrant blue color that stands out against the grey concrete of the sidewalk. the metal legs are sturdy and provide stability for sitting. however, as it is located on a public sidewalk, there may be potential risks such as being accidentally hit by passing pedestrians or vehicles.
4) a recommended navigation instruction would be ""move right"" to avoid the chair while walking around it. this will ensure that both the user and others can safely navigate around this obstacle without any accidents.
5) moving right is advised because there are multiple people in the image, suggesting a busy area with potential risks of collisions if one were to move left towards the chair. by moving right, users can avoid the chair while still navigating along the sidewalk and maintaining safety.",21459.89,left
275,person,0.256,24.47,1,"1) the object in the image appears to be a person wearing a backpack, standing on a sidewalk.
2) the person is located on the right side of the frame.
3) the person is relatively small compared to other objects in the frame, and they are wearing a blue shirt which stands out against their surroundings.
4) based on what i can see in this cropped image, it's not clear whether there are any obstacles that would require navigation instructions. however, if you see a person with a backpack on the sidewalk, one possible instruction might be to ""move right"" to continue walking along the same path as them.
5) this is just an assumption based on what i can see in this cropped image. without more context or information about their surroundings, it's difficult to say for sure whether there are any obstacles that require navigation instructions.",10768.25,right
276,potted plant,0.268,20.04,1,"1) the object in the image appears to be a potted plant, which is placed on a balcony railing. its color is green with white leaves.
2) it is located on the right side of the image.
3) the potted plant has a long stem and large green leaves, giving it an impressive appearance. however, its size may pose as an obstacle for blind users to navigate around if they are not aware of its presence.
4) i would recommend moving away from this object or stopping close to it so that the user can safely navigate around it. it's essential to be mindful of these objects in a shared outdoor space, especially when assisting someone who cannot see them.
5) the reason for this recommendation is due to the plant's size and location on the railing, which might obstruct or hinder the user's path if they do not take notice of it.",11046.9,right
277,person,0.319,24.46,0,[FAST MODE - HIGH CONF],139.93,left
278,chair,0.308,20.83,0,[FAST MODE - HIGH CONF],116.03,left
279,bench,0.287,20.72,0,[FAST MODE - HIGH CONF],118.94,left
280,bench,0.271,19.99,1,"1) the object in the image appears to be a chair.
2) the chair is positioned on the left side of the image.
3) the chair is blue in color, has armrests, and seems to have a wooden frame. there is also a brown bag hanging from one of its handles, which adds an additional element to the scene.
4) given the placement of the chair and the bag on it, i would recommend that the user move left or stop in order to avoid tripping over or getting tangled with the bag.
5) this is because moving right could potentially lead to a collision with the bag if it is not carefully navigated around, while stopping provides a safer option by keeping a distance from any potential hazards.",9448.29,left
281,person,0.317,23.17,0,[FAST MODE - HIGH CONF],174.04,left
282,potted plant,0.335,20.58,0,[FAST MODE - HIGH CONF],168.55,right
283,chair,0.325,22.49,0,[FAST MODE - HIGH CONF],168.21,left
284,chair,0.314,22.12,0,[FAST MODE - HIGH CONF],137.25,left
285,bench,0.291,21.46,0,[FAST MODE - HIGH CONF],148.87,left
286,bench,0.286,19.91,0,[FAST MODE - HIGH CONF],164.75,left
287,person,0.325,25.05,0,[FAST MODE - HIGH CONF],149.73,left
288,person,0.282,25.2,0,[FAST MODE - HIGH CONF],160.73,left
289,potted plant,0.27,17.04,1,"1) the object in the image appears to be a plant, specifically a palm tree.
2) it is located on the right side of the image, outside near a building.
3) the palm tree has long green leaves that reach upwards and away from it, possibly indicating dehydration or lack of care. its trunk seems to be firmly rooted in the ground.
4) i would recommend moving ""right"" towards the plant to get a closer look at its condition and potentially assess if any intervention is needed for its well-being.
5) this recommendation is based on the assumption that you are currently positioned outside near the building and want to inspect or interact with the palm tree.",9349.62,right
290,potted plant,0.255,18.25,1,"1) the object in the image appears to be a large potted plant with long leaves, possibly a type of fern. it is situated on a stone platform near a brick wall and a window with bars.
2) the plant is centrally located in the image, with the brick wall to its right.
3) the plant has long, green leaves that cover most of the pot's surface. its size appears to be larger than other objects in the scene. there are no visible risks associated with this object based on the image alone.
4) a recommended navigation instruction would be ""move left"" because there seems to be more space or less obstruction on the left side compared to the right side where the brick wall is located.
5) the reason for this recommendation is that moving left will likely provide a clearer path and avoid potential obstructions near the plant's long leaves.",10592.83,left
291,person,0.251,25.08,1,"1) the object appears to be a chair with metal legs, possibly blue in color. it is situated on the ground near a woman standing next to it.
2) the chair's position is on the left side of the image when looking at the photo from front to back.
3) the chair has a distinct shape and size due to its metal legs supporting a seat, possibly with cushioning for comfort. its color may vary depending on the material used in its construction. however, no risks are associated with it as long as people maintain safe distances while using it.
4) ""move left"" is my recommended navigation instruction if someone wants to approach or get closer to the woman standing next to the chair. this way, they can avoid any accidental bumps or collisions that might occur by moving towards her or the chair abruptly.
5) it's important to move left slowly and cautiously because we don't want to cause any discomfort or potential injuries to the people in the image, especially if they are not aware of our intentions.",12154.23,left
292,person,0.252,28.3,1,"1) the object appears to be a person, although their features are blurred due to the distance and angle from which the photo was taken.
2) given that there is only one visible human figure in this image, it's difficult to determine with certainty whether they are on the left, center, or right side of the street. however, we can confidently say that the person is not near any significant objects.
3) as a visual ai assistant, i cannot accurately describe physical characteristics such as shape, size, color, and risks due to the blurry nature of the image and lack of focus on specific details.
4) based on the available information, it's recommended that ""move forward"" or ""proceed with caution"". however, this is only a recommendation based on limited visual data and may not be entirely accurate. it would be best to wait for more context before making any definitive navigation instructions.
5) the reason behind this recommendation is the lack of visible obstacles in the image, which suggests that it might be safe to proceed forward or at least exercise caution while doing so. however, as a visual ai assistant, i can only provide limited information based on what's available in the image.",13496.49,left
293,person,0.254,25.72,1,"1) the object appears to be a woman walking by with a white shirt and blue shorts, holding a cane. she is in the center of the image.
2) her position is centrally located in the image.
3) she has blonde hair and is wearing a white shirt paired with blue shorts. the woman is also holding a cane which may be used for support or mobility assistance. 
4) i would recommend the blind user to ""stop"" if they are too close to her path. this will prevent any potential accidents or collisions.
5) stopping will ensure that the person has enough time and space to move out of the way safely, as well as preventing any potential harm to both parties involved in this situation.",18614.61,none
294,potted plant,0.283,24.01,0,[FAST MODE - HIGH CONF],139.09,right
295,potted plant,0.278,22.57,0,[FAST MODE - HIGH CONF],170.03,right
296,chair,0.252,20.76,1,"1. the object in the image appears to be a brown leather bag hanging from one of the blue chair's armrests.
2. it is positioned on the left side of the chair, dangling off its armrest.
3. the bag has a rectangular shape and a rich brown color, giving it an elegant appearance. if not handled carefully, the bag could fall from the chair due to gravity pulling it downwards.
4. i recommend moving right or stopping, depending on your current position relative to the bag. if you are close enough to reach the bag without causing any harm, move closer and securely attach the bag back onto the chair's armrest if necessary. however, if you are too far away or standing in a way that risks knocking over other objects or causing injury, it is best to stop to ensure safety.
5. this recommendation ensures both your safety and the security of the bag, as maintaining a safe distance from potential hazards while handling objects can prevent accidents and damage.",23318.65,left
297,bench,0.251,22.39,1,"1) the object in the image is a blue chair, which appears to be empty and is located on the sidewalk.
2) the chair is positioned to the left of the frame.
3) the chair is blue in color, has four legs, and a curved backrest. it is not occupied by anyone at the moment. 
4) i would recommend the user to move right, as there are no obstacles on that path. 
5) this direction was chosen because the sidewalk appears to be clear of any obstructions or hazards, and moving in this direction will allow the blind person to continue their journey safely without any risk of collision with other objects.",18306.16,left
298,chair,0.27,21.29,1,"1) the object in the image appears to be a brown cat, which is hanging from a blue chair leg with its back end towards the ground. this suggests that it may have just jumped onto or off of the chair.
2) in terms of positioning, the cat and chair are located on what seems to be an outdoor setting, as evidenced by the concrete floor surface visible in the background. the exact location within this space is not clear from the image alone.
3) the physical characteristics of the objects include: 
	* a brown cat with a round body and long tail hanging down, suggesting agility and movement. 
	* a blue chair leg that appears sturdy enough to support the weight of the cat without bending or breaking. 
	* a concrete floor surface, which is likely hard and cold, possibly posing a risk for slips or falls if not navigated carefully.
4) based on what i can see in the image, it would be recommended for the blind user to ""move right"" away from the chair and cat. this suggests that there may be other objects or areas of interest further down this path that they might want to explore.
5) the reason behind this recommendation is likely due to the limited information available in the image itself; since we don't know what lies beyond the immediate vicinity, it would be safer and more exploratory for the blind user to move away from the chair and cat while still being aware of their surroundings.",15843.44,right
299,potted plant,0.285,23.6,0,[FAST MODE - HIGH CONF],179.98,right
300,potted plant,0.253,18.43,1,"1) the object in the image appears to be a potted plant with large green leaves.
2) it is positioned on the right side of the image, near a red brick wall and a window.
3) the plant has long, thin green leaves that are spread out, reaching towards the top left corner of the image. the pot looks small in comparison to the size of the leaves. the color of the leaves is a vibrant green, which contrasts with the red bricks in the background.
4) i would recommend moving right and then stopping near the plant. this will allow you to safely navigate around it without accidentally stepping on it or knocking over the pot.
5) the potted plant could be fragile, so it's important to take care when navigating around it to avoid causing any damage.",21720.01,left
301,potted plant,0.262,21.84,1,"in the image, there is a single obstacle that appears to be a large green bush with lush foliage. the bush is situated in the center of the image, occupying most of the frame due to its size. it has a somewhat rectangular shape and is located on a lawn near some gravel.

the grass around the bush seems well-maintained, but there's no clear indication that it's intentionally placed as an obstacle or decorative element in the pathway. the color of the bush contrasts with the surrounding greenery, making it stand out in the image.

in terms of navigation instructions for a blind user, i would recommend to ""move right"" while approaching this obstacle. this is because based on my observation, there's no immediate indication that moving towards the bush will result in an imminent collision or encounter with any other obstacles. however, it's always essential to exercise caution and be aware of one's surroundings when navigating through unfamiliar environments.",32960.75,right
302,bench,0.268,10.89,1,"in the image, there is a large stone slab sitting on top of concrete stairs. the stone slab appears to be rectangular in shape and is approximately 12 inches wide by 8 inches thick. it has a rough texture due to its stone material and is gray in color. the concrete stairs are light brown and have a smooth surface.

the stone slab's position on the right side of the image suggests that it may be an obstacle for someone walking down the stairs. its size, particularly its width, could pose a potential risk if someone were to try to walk around or underneath it without paying attention.

a recommended navigation instruction would be to ""stop"" and assess the situation before proceeding. it is important not to rush into any actions that might result in injury. one should first consider whether there are any hazards they need to avoid, such as sharp edges or loose stones on the slab itself, before continuing their journey down the stairs. additionally, it may be wise to look for any signs of construction work or maintenance being carried out nearby that could explain the presence of the stone slab and inform one's next steps.",13246.24,right
303,bench,0.251,8.73,0,[FAST MODE - TOO CLOSE],179.88,left
304,person,0.295,23.97,0,[FAST MODE - HIGH CONF],126.36,left
305,bench,0.258,20.4,1,"1) the object appears to be a brown cat sitting on the armrest of a blue chair.
2) the cat is located on the left side of the image, while the blue chair is centrally positioned.
3) the cat has a long body and tail with a lighter brown color at the top transitioning into a darker brown towards the bottom. the blue chair has four legs and a curved armrest where the cat is sitting. there are no immediate risks associated with the cat's presence in this image.
4) ""move right"" to avoid bumping into the cat, as it occupies part of the armrest on the left side of the chair.
5) to ensure smooth navigation and prevent any accidental contact with the cat or the blue chair, moving right is recommended.",10022.23,left
306,bench,0.272,21.62,1,"1) the object appears to be a blue plastic chair with metal legs, located on the sidewalk.
2) its approximate position is on the left side of the image.
3) the chair is blue in color, made of plastic and metal. it has a curved backrest and four metal legs that are evenly spaced around its base. there's no indication that it poses any immediate risks to pedestrians or other objects on the ground.
4) i would recommend navigation instruction as ""move right"" if you want to avoid walking past this chair, or ""stop"" if you intend to use it for resting while exploring the area. 
5) the chair is not an obstacle that poses a direct threat or danger but could potentially hinder your pathway or be a convenient spot for taking a break.",10437.47,left
307,person,0.258,24.82,1,"1) the object appears to be a person wearing a blue shirt and carrying a white bag.
2) the person is located in the center of the image, walking on a sidewalk.
3) the person is dressed in a blue shirt and black pants, holding a white bag. they are walking on a concrete sidewalk.
4) it's recommended to move right or stop, depending on your current position relative to the person. if you need to continue moving forward, it's safe to do so as long as you maintain a comfortable distance from the person. however, if you have stopped and are unsure whether to proceed, it would be best to stop and allow the person to pass before continuing.
5) this recommendation is based on the assumption that people walking usually move at a faster pace than those standing still, and stopping without warning could potentially cause discomfort or inconvenience for them. it's always better to err on the side of caution when navigating around pedestrians.",11786.8,right
308,chair,0.267,20.42,1,"1) the object appears to be a **cat**, possibly walking on the street or sidewalk. it's brown in color.
2) the cat is located in the **center** of the image, positioned between two blue chairs and near a blue table.
3) the cat is a small to medium-sized animal, with a sleek and shiny coat that appears soft to touch. it's moving towards its tail while on the sidewalk or street.
4) i recommend **stopping** if you are walking in the direction of the cat. cats can sometimes be unpredictable, and it might not notice your presence until it's too late to avoid a collision.
5) stopping will give the cat time to move away from your path or become aware of your presence, reducing the risk of an accident.",10337.18,none
309,person,0.267,25.14,1,"1. the object in the image appears to be a woman wearing a white shirt and blue shorts. she is standing on a sidewalk, looking at something off-camera.
2. her position is located towards the right of the frame.
3. this woman has long hair that falls past her shoulders and she's wearing a white shirt with short sleeves and blue shorts with pockets. she seems to be standing in front of some buildings, which might provide a backdrop for what she is looking at.
4. based on the image alone, it's not possible to determine any potential obstacles that may pose risks to her navigation. however, if there are other people or vehicles around, i would recommend ""move left"" or ""stop"" depending on their relative positions and movement directions.
5. without more context or information about the surroundings, it's difficult to provide a specific reason for this recommendation.",11132.27,left
310,person,0.295,26.68,0,[FAST MODE - HIGH CONF],139.52,left
311,person,0.267,27.44,1,"1) the object appears to be a puddle on the ground, possibly filled with water.
2) the puddle is located in the center of the image.
3) the puddle is small in size, and its color can vary depending on the amount of light hitting it. it may appear blue or darker shades of blue, green, or even black under certain lighting conditions. puddles generally pose no significant risks unless they are deep enough to cause a person to lose their footing.
4) the recommended navigation instruction for this puddle would be ""move cautiously"" as the ground around it may be wet and slippery, increasing the risk of slipping or falling.
5) it is important to move cautiously around the puddle because water on a surface can make it more slippery than usual, posing a safety hazard for pedestrians. the water's reflective properties may also cause distractions as it mirrors surrounding lights and objects, which could lead to accidents if not noticed in time.",12474.71,none
312,potted plant,0.326,9.89,0,[FAST MODE - TOO CLOSE],150.44,left
313,person,0.308,23.14,0,[FAST MODE - HIGH CONF],138.02,left
314,person,0.258,26.66,1,"1) the object appears to be a person's hand reaching for an item in their bag. however, the image is blurry and not clear enough to confidently determine any specific details about the individual or the item they are retrieving.
2) it is located in the center of the image as it is the main focus of the frame.
3) the hand appears to be small and light-skinned, indicating that the person may have a lighter complexion. the bag seems to be medium-sized with a dark color, possibly black or navy blue. however, due to the blurriness of the image, it is difficult to determine any further physical characteristics.
4) based on the fact that the individual's hand appears to be reaching for something in their bag, i would recommend caution and stepping back from the person to avoid accidentally bumping into them or blocking their access to the contents of the bag.
5) the recommended navigation instruction is ""move left"" because the person's hand seems to be located on the right side of the frame, while moving away will create more space between you and the individual, reducing the risk of collision or accidentally touching them.",13327.9,left
315,potted plant,0.29,20.47,0,[FAST MODE - HIGH CONF],147.5,right
316,potted plant,0.268,19.21,1,"1. the object in the image is a large potted plant with long, thin leaves that are predominantly green in color. it appears to be placed on a table or ledge, depending on the perspective.
2. its approximate position is on the left side of the frame.
3. the plant has an irregular shape and its size suggests it's quite large. the long, thin leaves give it a somewhat wild appearance.
4. i recommend moving ""left"" to avoid accidentally knocking over or stepping on the plant.
5. this is because the plant appears to be in a precarious position where it could easily fall off and potentially get damaged or cause harm due to its size and location.",9479.39,left
317,potted plant,0.255,21.82,1,"1) the object in the image appears to be a bush with green leaves. it is located on a sidewalk next to a street.
2) the bush is centrally positioned in the image, occupying the middle portion of the frame.
3) the bush has a medium size and its green leaves are densely packed. its location near the sidewalk and street suggests it may be an ornamental plant or landscaping feature for passersby to enjoy.
4) ""move forward"" would be a recommended navigation instruction in this situation, as there does not appear to be any immediate danger associated with the bush's presence on the sidewalk. it is likely that pedestrians will simply need to navigate around it while walking or jogging along the path.
5) this recommendation is based on the fact that the image only shows a single bush, and there are no signs of other obstacles or hazards in its immediate vicinity. in general, blind users can feel confident moving forward when encountering such landscaped features as they provide visual interest without posing any apparent risks.",12785.41,none
318,potted plant,0.26,20.86,1,"1) the object in the image appears to be a large, green bush that is growing on top of a bed of small rocks. it's located next to a sidewalk.
2) the bush is positioned on the right side of the image.
3) the bush has a lush, full appearance with many leaves and branches spreading out in all directions. its color is vibrant green, indicating that it's healthy and well-maintained. the rocks surrounding the bush are small and light-colored, providing a contrast to the dark green of the bush.
4) i would recommend moving ""left"" if you were standing on the sidewalk near this bush. this is because there appears to be more space for movement and less chance of encountering obstacles compared to moving towards or alongside the bush.
5) it's important to keep a safe distance from the bush while walking, especially if it has any sharp or dangerous parts hidden among its leaves or branches. by moving left, you can avoid getting too close to these potential hazards and ensure a safer walkway for pedestrians.",12692.83,left
319,person,0.271,25.72,1,"1) the object in the image appears to be a blue folding chair. it is located on a sidewalk, which suggests that it might be outside or near an outdoor area.
2) the chair is positioned slightly towards the right of the frame, with its back facing us. there are people sitting on the left side of the frame in similar chairs.
3) the blue folding chair is made of metal and has a compact design that allows it to be easily stored when not in use. its blue color stands out against the lighter background. there might be a risk of tripping or falling over if someone does not notice the chair while walking by.
4) a recommended navigation instruction would be ""move left"" as there are people sitting on chairs on that side, and it's safer to avoid them and move away from any potential obstacles.
5) by moving left, you can maintain a safe distance from both the people in the folding chair and other potential hazards on the sidewalk.",12404.19,left
320,chair,0.265,20.98,1,"1) the object appears to be a blue chair with metal legs, which is positioned on the ground.
2) its approximate position is in the center of the image.
3) the chair has a unique shape as it's designed for sitting and resting; its size is not very large compared to other objects in the scene. it is predominantly blue with metal legs that provide stability when someone sits on it. there are no visible risks associated with this object.
4) i would recommend moving right, away from the chair, as there seems to be a pathway leading towards it and you may need to avoid getting too close or sitting on it unintentionally.
5) the chair is not an immediate obstacle in your path but steering clear of it can help maintain a safe distance and avoid any potential accidents or interference with its intended use as seating furniture.",11256.79,right
321,person,0.253,24.61,1,"1) the object appears to be a blue plastic chair with armrests, located on a paved surface. it has a white seat cushion that is likely soft and comfortable for sitting.
2) the chair is positioned slightly off-center in the image, closer to the left side of the frame.
3) the physical characteristics of the chair include its blue color which suggests it's made from plastic, possibly pvc or a similar material. it has armrests and a white seat cushion, indicating that it is designed for comfort while sitting. its position on a paved surface suggests that it might be located in an outdoor setting such as a park or a public area.
4) i would recommend moving to the left of the chair since it's closer to the left side of the frame and appears to be unoccupied, which makes it safer for navigation purposes.
5) by moving to the left of the chair, you can ensure that you maintain a safe distance from the chair while passing by, reducing the risk of accidentally colliding with it or tripping over it if you were to walk directly towards it.",23267.66,left
322,person,0.29,20.88,0,[FAST MODE - HIGH CONF],215.08,left
323,person,0.269,21.11,1,"1. the object appears to be a blue chair, it is located in the center of the image.
2. its physical characteristics include its color (blue), shape (rectangular with four legs for support), size (medium-sized), and potential risks (sharp edges that could cause harm if not careful).
3. a recommended navigation instruction would be to ""move left"" or ""move right"" depending on the specific situation, but it is generally safer to move away from the chair as it occupies a significant portion of space in the image.
4. the reason for this recommendation is that moving away from the chair will allow the user to avoid potential obstacles or hazards near the chair and maintain a clear path forward.",9759.64,left
324,person,0.276,21.65,0,[FAST MODE - HIGH CONF],161.73,left
325,chair,0.367,20.36,0,[FAST MODE - HIGH CONF],142.33,left
326,person,0.393,25.75,0,[FAST MODE - HIGH CONF],150.12,left
327,person,0.268,25.26,1,"1) the object in the image appears to be a person walking with a backpack on their shoulders. it is difficult to determine their exact identity due to the blurred nature of the photo.
2) the person is located in the center of the frame, with other people also visible but not as clear due to the blurriness of the image.
3) the person wearing the backpack appears to be of average height and build, suggesting they might be a young adult or an older teenager. their attire is not clearly distinguishable in the image.
4) i would recommend caution when navigating near this person due to their unclear identity. ""move left"" or ""move right"" could both be suitable options depending on your current location and direction of travel, but it's best to give them space out of respect for their privacy.
5) it is important to exercise caution when encountering people in public spaces whose identities are unclear due to the potential risks associated with not knowing who they are or what intentions they might have. by moving away and giving them space, you can help ensure both your own safety and respect their privacy while maintaining a reasonable level of vigilance.",13846.44,left
328,person,0.288,23.87,0,[FAST MODE - HIGH CONF],142.01,left
329,person,0.376,26.74,0,[FAST MODE - HIGH CONF],123.71,left
330,person,0.336,24.82,0,[FAST MODE - HIGH CONF],129.88,left
331,person,0.263,25.53,1,"1) the object appears to be a blue folding chair with white cushions. it's positioned on the left side of the image.
2) the chair is located on a basketball court, which suggests that it might be used for resting or watching the game from a comfortable spot.
3) the chair has a distinctive folding design and blue frame with white cushions. it's not in use at the moment, indicating no risks associated with it.
4) i recommend moving right because there appears to be an additional person in the image who might need assistance or requires more space for their activities on the basketball court.
5) by moving to the right, you can provide more space and ensure that all individuals present have a safe and comfortable environment to enjoy their activities.",10204.16,left
332,person,0.295,23.95,0,[FAST MODE - HIGH CONF],135.29,left
333,person,0.255,25.26,1,"1) the object appears to be a woman wearing a white shirt, standing on a sidewalk with her hands near her face.
2) her position is towards the left side of the image.
3) she has long hair, is wearing blue shorts, and there are two other people visible in the background - one wearing a blue shirt and another wearing a white shirt. the woman with long hair is standing on concrete steps that lead to an entrance.
4) it would be recommended for her to ""move right"" towards the entrance as she seems to be trying to enter it but might bump into others if she stays in place or moves left.
5) this recommendation is based on the fact that she has not yet entered and appears to be preparing to do so, while also avoiding any potential collisions with other pedestrians.",11048.24,left
334,person,0.259,24.66,1,"1) the object in the image appears to be a person sitting on a chair, but their face is blurred out due to focus being on another person who is wearing a blue shirt.
2) the person with the blurred face is located centrally in the image, while the other person with the blue shirt is positioned towards the right side of the image.
3) the chairs they are sitting on appear to be made of metal and have curved backrests. they seem to be relatively small in size compared to the people sitting on them.
4) i would recommend moving left if you are currently close to the person with the blurred face, or moving right if you are near the person wearing the blue shirt. this will help you avoid getting too close to either person and possibly causing an accident or disturbance.
5) the reason for this navigation instruction is due to the limited visibility in the image caused by the focus being on one of the persons. to maintain a safe distance from both individuals, it's best to move left or right depending on your current position relative to them.",13299.94,left
335,person,0.253,23.98,1,"1) the object in the image appears to be a blue chair with a person sitting on it. it is located towards the left side of the frame.
2) the chair has a distinctive curved backrest, giving it a unique shape. its color is bright blue, making it stand out from its surroundings.
3) the chair's size and position make it an obstacle for pedestrians on the walkway. it could pose a risk of tripping or collision if not noticed in time.
4) to navigate around this obstacle safely, i recommend moving to the right side of the frame, maintaining a safe distance from the chair until you have passed by it entirely.
5) this is recommended because, at first glance, it might be difficult for someone who is blind or has limited vision to spot this blue chair sitting on the walkway. by following these instructions, they can avoid accidentally running into it and ensure a safe passage through the area.",12184.42,left
336,person,0.261,24.29,1,"1) the object appears to be a blue backpack.
2) it is located on the sidewalk, slightly towards the left in the image.
3) the backpack is blue in color, has two straps for carrying, and seems to be of average size. there are no visible risks associated with it based on its appearance.
4) i would recommend moving right if you were walking past this backpack.
5) this recommendation is based on the assumption that the person being described as ""blind"" might not be aware of any obstacles in their path and to avoid a potential collision with the blue backpack, it's safer to move away from it.",10325.96,left
337,chair,0.257,20.24,1,"1) the object appears to be a blue plastic chair, possibly made of metal or fiberglass.
2) its approximate position is on the left side of the image.
3) it has four spider-like legs that are evenly spaced around its base, and it's located in an outdoor setting surrounded by other objects. the size of the chair seems to be smaller compared to a typical dining room chair, indicating that it may not provide much support or comfort for users who want to sit on it.
4) i would recommend moving ""right"" if you are currently close to this object and wish to avoid sitting on it.
5) the reason for this recommendation is that the chair seems unstable and provides limited support, which could lead to potential discomfort or even injury when attempting to use it as a seating option.",10868.94,left
338,person,0.28,24.67,0,[FAST MODE - HIGH CONF],143.43,left
339,person,0.287,24.49,0,[FAST MODE - HIGH CONF],152.56,left
340,person,0.268,24.73,1,"1) the object appears to be a blue chair with armrests, located in the center of the image. it's not entirely visible as it's partially cropped off by the top edge of the frame.
2) the chair is centrally positioned within the image, surrounded by other chairs and tables. its relative size suggests that it's a standard-sized dining or conference chair.
3) the chair has a blue color with armrests on each side for comfort while sitting. other elements in the scene include white walls, providing a clean backdrop to the setting.
4) a recommended navigation instruction would be ""move left"" if navigating towards this chair from the right edge of the image or ""move forward"" as it seems to be blocking other chairs on its path.
5) the reason for these instructions is due to the fact that there are other chairs and tables in between, suggesting a spacious area with multiple seating options. also, considering the chair's blue color might make it stand out against the white walls and other furniture.",12882.45,left
341,chair,0.274,20.23,0,[FAST MODE - HIGH CONF],165.54,left
342,person,0.25,25.07,1,"1) the object appears to be a person wearing a blue shirt, walking down the street. they are carrying a bag in their left hand.
2) the person is located in the center of the image.
3) the person's physical characteristics include being tall and having brown hair. they are wearing a blue shirt and carrying a black bag. there are no other objects in the image to compare sizes or colors with.
4) i would recommend navigation instruction to ""move right"" if you are currently located behind the person, as they are walking forward. if not, then i would suggest moving away from them to give them space.
5) the reason for this recommendation is due to safety and respecting personal space. it's important to ensure that pedestrians have enough room to navigate safely without bumping into others or causing any harm.",10890.37,left
343,person,0.259,21.55,1,"1) the object appears to be a blue chair with metal legs and arms.
2) the chair is centrally located in the image.
3) the chair has a bright blue color, four metal legs that are sturdy, and two armrests on either side for support. it seems safe to sit or stand by it.
4) based on its position and lack of obstacles around it, i recommend moving right towards the chair if you intend to approach it.
5) by following these instructions, you will be able to reach the chair without any hindrances as there are no other objects blocking your path.",8908.67,right
344,person,0.274,20.62,0,[FAST MODE - HIGH CONF],136.24,left
345,chair,0.277,19.8,0,[FAST MODE - HIGH CONF],132.94,left
346,person,0.292,24.6,0,[FAST MODE - HIGH CONF],143.64,left
347,person,0.282,23.71,0,[FAST MODE - HIGH CONF],144.59,left
348,person,0.292,25.14,0,[FAST MODE - HIGH CONF],149.18,left
349,chair,0.297,19.2,0,[FAST MODE - HIGH CONF],167.48,left
350,person,0.282,25.39,0,[FAST MODE - HIGH CONF],171.81,left
351,chair,0.278,21.09,0,[FAST MODE - HIGH CONF],160.86,left
352,person,0.29,26.26,0,[FAST MODE - HIGH CONF],175.29,left
353,person,0.252,25.9,1,"1. the object in the image appears to be a blue folding chair with wheels, which is located on a tiled floor.
2. the chair is centrally positioned within the frame of the image.
3. the chair has a distinct shape and size, being larger than its surroundings due to its location in the center of the photo. it is blue and appears to have wheels for mobility. there are no other objects directly beside it, but there is an area rug on the ground nearby.
4. based on the image's content, i would recommend the navigation instruction ""move right"" because the chair with wheels occupies a significant portion of the photo and moving to the right may help avoid any potential obstacles or hazards in its path.
5. the reason for this recommendation is that although there are no other objects directly beside the chair, it is important to be cautious when navigating around it due to its size and position on a tiled floor where slip-and-fall accidents may occur.",38601.95,right
354,person,0.339,25.3,0,[FAST MODE - HIGH CONF],129.86,left
355,person,0.291,26.18,0,[FAST MODE - HIGH CONF],135.72,left
356,person,0.279,25.98,0,[FAST MODE - HIGH CONF],128.95,left
357,person,0.254,27.02,1,"1) the object in the image appears to be a person walking on a sidewalk. they are wearing casual clothing and appear to be engaged in conversation with another person who is also walking nearby.
2) the person walking is located centrally in the image, while the other person is slightly off-center.
3) the person walking has a blue shirt on, which stands out against their dark pants. there is no visible obstacle for them to navigate around.
4) based on what i can see, it doesn't appear that there are any immediate obstacles for the person to avoid. however, they should be aware of their surroundings and watch for pedestrians or other potential hazards as they continue walking.
5) the reason for this recommendation is simply because it's always important to stay alert when navigating a public space like a sidewalk, even if there aren't any obvious obstacles in the immediate vicinity. being aware of one's surroundings can help prevent accidents or collisions with other pedestrians and ensure a safe walking experience for everyone involved.",13146.11,none
358,person,0.316,25.13,0,[FAST MODE - HIGH CONF],132.56,left
359,person,0.274,25.52,0,[FAST MODE - HIGH CONF],129.12,left
360,chair,0.312,20.81,0,[FAST MODE - HIGH CONF],123.17,left
361,chair,0.278,20.73,0,[FAST MODE - HIGH CONF],123.26,left
362,person,0.295,24.97,0,[FAST MODE - HIGH CONF],134.68,left
363,person,0.328,24.94,0,[FAST MODE - HIGH CONF],156,left
364,person,0.267,26.82,1,"1) the object in the image appears to be a blue chair, possibly an office chair with armrests, located on a sidewalk. 
2) the chair is positioned on the left side of the image. 
3) the chair is blue and has armrests, which suggests it's designed for sitting comfortably. it's placed on a flat surface, possibly made of concrete or asphalt, typical for a sidewalk. 
4) i would recommend ""move right"" to navigate around the chair safely without any risks. 
5) the reason is that moving right will allow you to avoid bumping into the chair and maintain your balance on the uneven surface of the sidewalk.",9591.66,left
365,person,0.256,26.57,1,"1) the object in the image appears to be a person's leg, which is blurred due to motion. it is not possible to determine their identity or actions clearly.
2) the leg seems to be located in the middle of the frame, with some context suggesting that there might be other people nearby who are also moving.
3) the physical characteristics of the leg include its shape and size, which can vary depending on the individual's body proportions. however, it is not possible to determine specific details such as skin tone or clothing from this image.
4) based on what i see in this image, i would recommend moving left if there are other people nearby who appear to be walking towards you, as they might also have blurred legs due to motion. if the leg is blocking your path, it's best to stop and wait for them to pass before continuing.
5) the reason behind this recommendation is that the image shows a person in motion with a leg visible in the middle of the frame, suggesting that they might be moving towards or past you. in either case, their movement could pose a risk if you don't give them space to continue.",12964.99,left
366,chair,0.272,19.98,0,[FAST MODE - HIGH CONF],162.34,left
367,person,0.266,24.98,1,"1) the object appears to be a **blue chair** with thin legs, located on the sidewalk.
2) its approximate position is on the **right side** of the photo.
3) the blue chair has an interesting color, it's quite bright and stands out in the image. it's small compared to other objects and its thin legs make it unstable. it poses a risk for people walking by, especially children who might be running or playing around.
4) i recommend navigating **around** the chair instead of moving through it. this way you can avoid any potential accidents.
5) the reason is that the chair is not meant to be sat on and could easily tip over if someone tries to sit on it, leading to injuries. additionally, its thin legs make it unstable and prone to tipping over if anything obstructs its base or disturbs its balance.",10721.05,right
368,person,0.253,26.4,1,"1) the object appears to be a blue park bench, which is located in the center of the image.
2) its approximate position is centered, as it is surrounded by a pathway on both sides.
3) the bench is blue and made of metal, with a curved backrest and armrests. it has no visible risks or hazards.
4) a recommended navigation instruction would be to ""move right"" towards the bench if one were walking along the pathway.
5) this recommendation is based on the fact that the bench appears to be a resting spot for pedestrians, and moving in its direction would likely lead to reaching it more quickly and comfortably.",9215.38,right
369,person,0.266,25.57,1,"1) the object appears to be a blue bench. it's an outdoor seating structure typically found in public spaces like parks or rest areas.
2) the bench is located on the right side of the image, relative to the woman and child walking by.
3) the bench has a slatted design, giving it its blue color when viewed from certain angles. it's not too large but big enough for two people to sit comfortably if needed. there are no immediate risks associated with the bench based on what can be seen in this image.
4) as there is another person and a child walking by, i would recommend caution and moving away from the bench. this action could help avoid accidentally colliding with it or tripping over any unseen obstacles near the bench area.
5) the reason for this recommendation is that we can't fully see what lies beyond the blurry tree line in the background, so it's best to prioritize safety by maintaining distance from potential hazards while walking.",12163.54,right
370,person,0.273,24.76,0,[FAST MODE - HIGH CONF],136.98,left
371,person,0.28,25.48,0,[FAST MODE - HIGH CONF],128.35,left
372,person,0.265,26.28,1,"1) the object in the image appears to be a blue bench, which is located on the right side of the photo. it's a long, rectangular piece of furniture made of wood with metal armrests.
2) its approximate position is on the right side of the photo, and it seems to span across the width of the frame.
3) the blue bench has a unique feature: a small birdhouse attached to one end. it's about the size of a small box, painted in white with black details.
4) my recommendation would be to ""stop"" if you are walking towards it. this is because there might not be enough space for both the woman and the child to pass by comfortably without any risk of bumping into each other or the bench.
5) it's important to stop before proceeding, as this allows them to navigate safely around the obstacle without any danger of collision or tripping over it.",11497.73,right
373,person,0.299,25.71,0,[FAST MODE - HIGH CONF],135.56,left
374,person,0.265,26.27,1,"1) the object appears to be a blue bench, which is an obstacle on the sidewalk.
2) its approximate position is on the right side of the image.
3) this bench has a rectangular shape with a flat backrest and armrests. it's bright blue color contrasts with the grey of the sidewalk. the bench is located on the side of the street, away from buildings or other potential hazards.
4) a recommended navigation instruction would be to ""move right"" as there are no immediate obstacles in that direction and it will lead you towards your destination.
5) it's important to move right because moving left could potentially put you closer to the street, which may not be safe if vehicles are passing by. additionally, moving forward or stopping might lead to unexpected obstructions such as a curb or other pedestrians.",11418.9,left
375,person,0.258,24.83,1,"1) the object in the image appears to be a bench, which is located on the sidewalk.
2) the bench is positioned on the right side of the photo.
3) the bench has a blue color with a curved backrest and armrests, providing seating for two people. it occupies most of the space in the image due to its size and location.
4) i recommend moving towards the bench as it appears to be an obstacle between you and your destination.
5) since there is no indication that the path behind the bench is obstructed, it would be safe to assume that the way forward is clear. moving towards the bench will allow you to bypass it and continue on your journey without any issues.",10890.53,right
376,person,0.303,26.42,0,[FAST MODE - HIGH CONF],150.31,left
377,person,0.268,27.66,1,"1) the object in the image appears to be a person wearing a white dress.
2) the person is positioned on the right side of the frame, walking down the street.
3) the person has long hair that falls past their shoulders and they are carrying a purse. they appear to be moving at a brisk pace.
4) given the context of a busy street, i would recommend the navigation instruction ""move left"" or ""stop"", depending on whether there is an obstacle directly in front of them. this will ensure that the person can safely navigate through the area without causing any harm to themselves or others around them.
5) the reason for this recommendation is because it's important to be aware of one's surroundings when navigating a busy street, especially for someone who may not have full visibility due to their position on the right side of the frame. by moving left or stopping, they can assess the situation and make any necessary adjustments to their path before continuing forward. this will help prevent accidents and ensure that everyone in the area stays safe.",12616.43,left
378,bench,0.258,21.45,1,"1) the object appears to be a blue chair. it is a common piece of furniture used for sitting.
2) the chair is located in the center of the image, occupying a significant portion of the frame.
3) the chair has a distinctive blue color and features armrests, providing comfortable support for users. however, it's empty, suggesting that someone might have left or hasn't arrived yet. it poses no risks to navigation.
4) i would recommend moving right towards the chair if you are currently facing away from it. this will take you directly to the chair and allow you to sit down comfortably.
5) the reason for this instruction is that by following these steps, you can easily reach and use the blue chair as intended without any hindrances or unnecessary detours.",10090.92,left
379,person,0.342,27.57,0,[FAST MODE - HIGH CONF],137.36,left
380,person,0.321,26.16,0,[FAST MODE - HIGH CONF],131.67,left
381,person,0.328,26.14,0,[FAST MODE - HIGH CONF],126.77,left
382,person,0.255,25.82,1,"1) the object appears to be a potted plant, which is located in the center of the image.
2) its approximate position is on the sidewalk, between two people walking.
3) the potted plant has a round shape with green leaves and a small white flower at the top. it is relatively large compared to its surroundings.
4) i recommend moving right to avoid bumping into it.
5) this is because the person on the left is closer to the plant, so moving right will give them more space to walk comfortably without touching the plant or stepping off the sidewalk.",8479.44,left
383,person,0.297,26.73,0,[FAST MODE - HIGH CONF],161.43,left
384,person,0.26,25.88,1,"1) the object appears to be a person wearing sunglasses, who is walking with another person in front of them.
2) the person with the blind person seems to be on their right side.
3) the person wearing sunglasses is dressed in a white shirt and blue jeans. they are also carrying a brown purse. it's not clear what they might look like without their sunglasses. however, it's important to note that there may be risks associated with the person's actions if they do not maintain an appropriate distance from the blind user.
4) recommendation: ""stop"". this is because we don't have enough information about the environment or other people in the scene to determine whether it would be safe for the blind user to continue walking, especially if their guide isn't visible due to the sunglasses. it might also be a good idea to step aside and allow the two people to pass by each other without obstructing their path.
5) the reason behind this recommendation is that it prioritizes safety and respect for personal space. while we don't know the full context of the situation, maintaining a safe distance and allowing others to move freely around you should always be considered in any public setting.",17255.46,right
385,person,0.29,23.51,0,[FAST MODE - HIGH CONF],241.3,left
386,person,0.26,24.3,1,"1) the object in the image appears to be a person wearing a blue shirt, standing on a sidewalk.
2) the person is located on the right side of the image.
3) the person's physical characteristics include their clothing and location. they are standing upright on a sidewalk, which indicates that they are in an urban environment.
4) i recommend ""move left"" if you are trying to avoid getting too close to this person or encroaching on their personal space.
5) avoiding the person is recommended as it shows respect for their privacy and personal space. it's important to be aware of and considerate of other people in public spaces, especially when they are not interacting with you directly.",9629.55,left
387,person,0.277,25.94,0,[FAST MODE - HIGH CONF],164.94,left
388,person,0.356,24.77,0,[FAST MODE - HIGH CONF],130.94,left
389,person,0.276,26.09,0,[FAST MODE - HIGH CONF],125.36,left
390,chair,0.26,19.28,1,"1) the object appears to be a brown bag or satchel hanging on the back of a blue chair, which is located on a sidewalk outside.
2) the chair is situated in the center of the image.
3) the chair is made of plastic and has a green cover over it. it has four legs that are slightly bent, suggesting it may have been damaged or moved recently. hanging from its back is a brown bag or satchel with visible straps and buckles, which appears to be the main obstacle in this image.
4) i recommend stopping if the chair is blocking your path. if not, move around the chair to avoid hitting it as you navigate.
5) stopping or navigating carefully around the chair will ensure that you are aware of its location and can avoid tripping over the bag hanging from the back or accidentally knocking over any nearby objects. the bag could pose a risk if it were to fall, causing injury or damage to property.",11570.3,none
391,person,0.261,25.26,1,"1) what the object appears to be: the object in the image is a blue chair, which seems to be an obstacle for the woman and child walking by it.
2) its approximate position (left, center, right): the blue chair is located on the sidewalk near where the woman and child are walking. it's not possible to determine if the chair is closer to the left or right edge of the image based on this single perspective.
3) any relevant physical characteristics (shape, size, color, risks): the chair appears to be a standard plastic patio chair with a blue color that stands out against its surroundings. it is relatively small compared to other objects like trees and buildings. as it's placed on the sidewalk, there might be a risk of tripping over it or bumping into it while walking by.
4) a recommended navigation instruction (“move left”, “move right”, or “stop”): the woman and child should slow down their pace as they approach the chair and carefully navigate around it to avoid any accidents. if there's enough space, they can also move slightly forward if it doesn't obstruct their path.
5) a brief explanation of why: moving cautiously around the blue chair will ensure that both the woman and child maintain safety during their walk. the chair is an obstacle on the sidewalk, so being aware of its presence and adjusting their route accordingly can prevent any potential mishaps or injuries.",15688.61,left
392,person,0.304,25.41,0,[FAST MODE - HIGH CONF],134.44,left
393,chair,0.257,18.94,1,"1) the object appears to be a wooden chair with a blue cushion, located on the sidewalk.
2) its approximate position is on the left side of the image.
3) the chair is brown in color, has four legs and armrests, and a blue cushion for comfort. there's also an object hanging from one of its handles that seems to be a bag or something similar, possibly made of cloth.
4) it would be recommended to move the chair away if you are navigating this area. the reason is that it might obstruct pedestrian traffic and pose a tripping hazard for people walking by.
5) moving the chair could make the path safer and more accessible for everyone using the sidewalk, as well as reduce the risk of accidents or injuries due to tripping over it.",10327.79,left
394,person,0.262,25.16,1,"1) the object in the image appears to be a person sitting on a chair.
2) the person is located on the left side of the image, seated comfortably in a blue chair with white cushions.
3) the chair has a distinctive blue frame and comfortable white cushions, providing a stark contrast against the surrounding environment. it's important to note that chairs can pose risks if not used correctly or if overloaded, so it is crucial to ensure proper usage and weight distribution.
4) my recommended navigation instruction would be ""stop"". since the person in the chair seems to be at rest and there are no immediate threats or obstacles visible in the image, it's best to maintain a safe distance from the chair until more information is available about the surroundings.
5) stopping helps prevent accidental collisions with the chair or any potential hazards that may not be immediately apparent. it also provides an opportunity for further observation of the environment and any changes in the situation.",11772.08,left
395,potted plant,0.293,9.31,0,[FAST MODE - TOO CLOSE],144.21,left
396,potted plant,0.31,9.55,0,[FAST MODE - TOO CLOSE],140.06,left
397,person,0.337,23.82,0,[FAST MODE - HIGH CONF],141.75,left
398,person,0.275,25.38,0,[FAST MODE - HIGH CONF],120.22,left
399,chair,0.257,18.76,1,"1) the object in the image appears to be a blue chair with an orange bag hanging from its handle.
2) the chair is located on the left side of the image, while the red ground or pavement extends towards the right side.
3) the chair has a distinctive blue color and a noticeable handle for attaching bags. the orange bag attached to it is large and hangs down from the handle. the floor underneath is red in color.
4) i would recommend moving away from this area or stopping if possible, as there might be an obstacle on the ground that could cause harm to a blind person walking nearby. 
5) it's difficult to see the exact nature of the obstacle from the image, but it's better to avoid potential hazards when navigating through unfamiliar spaces, especially for visually impaired individuals who might not be able to identify them easily.",19466.92,left
400,person,0.332,24.45,0,[FAST MODE - HIGH CONF],128.43,left
401,person,0.257,23.88,1,"1) the object in the image appears to be a person wearing a white helmet, who is walking on a sidewalk with other people around him. he also has a backpack on his back and is looking down at something.
2) the person in the white helmet is located in the center of the image, surrounded by other people who are either standing or walking behind him.
3) the person wearing the white helmet is the most prominent object in the image due to their size and color contrast. the other people are smaller and less distinguishable, but they too contribute to the overall composition of the scene.
4) i would recommend that the blind user move cautiously around these individuals, as there may be obstacles or uneven surfaces on the sidewalk that could cause accidents. it's important to stay aware of one's surroundings and maintain a safe distance from others when navigating in crowded areas.
5) by following this advice, the blind user can avoid potential hazards while also respecting personal space and ensuring smooth navigation through the bustling environment.",21774.64,none
402,person,0.287,26.2,0,[FAST MODE - HIGH CONF],145.87,left
403,chair,0.273,19.38,0,[FAST MODE - HIGH CONF],125.73,left
404,bench,0.263,6.38,0,[FAST MODE - TOO CLOSE],12553.77,left
405,person,0.29,25.64,0,[FAST MODE - HIGH CONF],129.05,left
406,potted plant,0.385,6.77,0,[FAST MODE - TOO CLOSE],223.22,left
407,person,0.255,26,1,"1) the object in the image appears to be a person wearing a blue shirt and a helmet, walking on a sidewalk.
2) the person is located towards the center of the photo.
3) the person has a white helmet on their head, which suggests they might be engaging in an activity that requires safety gear. their attire seems to be casual with a blue shirt and black pants. they are walking on a sidewalk made of concrete.
4) i would recommend the navigation instruction ""move left"" if there is any obstruction or hazard on the right side of their path. this ensures that they can continue moving forward safely without any risk of collision with the obstacle.
5) the reason for this recommendation is to ensure the person's safety and prevent them from getting injured by avoiding any potential risks in their path. since we cannot see what lies ahead, it is better to move left and be cautious than to assume there are no hazards on the right side of the image.",11919.45,left
408,chair,0.261,21.78,1,"1) the object in the image appears to be a brown guitar case. it is sitting on top of a blue chair, which is positioned near a table with a green plant on it.
2) the guitar case is located on the left side of the image.
3) the guitar case has a rectangular shape and is relatively large compared to its surroundings. its color is brown, while the chair it's resting on is blue. there are no significant risks associated with the object itself.
4) i would recommend moving right towards the table with the green plant to avoid colliding with the guitar case.
5) this instruction is recommended because there is enough space between the path of movement and the position of the guitar case, ensuring a safe passage without any obstruction or potential damage to the guitar case or surrounding objects.",10173.79,left
409,person,0.294,25.1,0,[FAST MODE - HIGH CONF],182.15,left
410,chair,0.311,20.8,0,[FAST MODE - HIGH CONF],127.01,left
411,chair,0.286,21.93,0,[FAST MODE - HIGH CONF],169.55,left
412,chair,0.255,19.11,1,"1) the object in the image appears to be a blue chair with cushions that are also blue. it is positioned on the left side of the image.
2) the chair has a unique feature: a handle attached to it, which is hanging from one of its legs. this handle seems to be used for easy maneuvering or movement of the chair.
3) the chair itself is solid and stationary with no apparent risks associated with its size or color. its blue color contrasts against the light-colored surface it is placed on, making it easily noticeable even by a blind person.
4) as for navigation instruction, since the image captures a moment of stillness, there's no immediate action required from the viewer. however, if they were to move towards or away from the chair, i would recommend moving closer to the chair first before deciding on your next step. this way, you can better assess the surrounding environment and any potential obstacles that may be in your path.
5) my recommendation is based on the fact that it's easier for a blind person to navigate towards familiar or prominent objects, like this blue chair with its distinct handle feature, before making further decisions about their next steps.",13376.99,left
413,person,0.252,24.1,1,"1) the object in the image appears to be a person wearing a pink shirt.
2) the person is located on the left side of the frame.
3) the person is wearing a pink shirt, which suggests they may not have their vision impaired by color blindness or are simply choosing to wear that particular color for fashion reasons. they appear to be standing and walking down a street. however, without additional context or information about the person's physical appearance, it is difficult to determine any further characteristics.
4) based on what i can see in the image, i would recommend ""move right"" as there doesn't seem to be anything directly blocking their path.
5) this recommendation is made because from the limited context provided by the image, it appears that the person has enough space and visibility to continue walking without any immediate obstructions or hazards in their path.",10754.74,left
414,bench,0.252,25.71,1,"1) the object in the image appears to be a blue bench, which is a type of seating furniture typically found in public spaces like parks or restrooms.
2) the bench is located centrally in the image, occupying a significant portion of the frame.
3) the physical characteristics of the bench include its rectangular shape, blue color, and slatted backrest for support. it's important to note that it has no visible armrests or back supports.
4) i would recommend navigating around the bench by moving right if you are approaching from the left side of the image, or moving left if you are approaching from the right side. this will help avoid accidentally sitting on the bench and causing discomfort to yourself or others using it.
5) it's essential to maintain a safe distance from public seating furniture when walking by, especially in crowded areas, as there might be other pedestrians who could use that space if needed.",11920.5,left
415,bench,0.273,25.74,0,[FAST MODE - HIGH CONF],141.76,left
416,bench,0.251,22.04,1,"1) the object in the image appears to be a blue chair with metal legs, positioned on the ground.
2) the chair is located in the center of the image.
3) the chair has a rectangular shape, with four metal legs supporting it. it's a common household item, often used for sitting or resting. however, its current placement might pose a risk to pedestrians if they are not aware of its presence.
4) i recommend the navigation instruction ""move right"" as there is sufficient space on the right side of the chair and it will not obstruct any other objects in the image.
5) this recommendation is based on the available space around the chair and the assumption that moving right will keep pedestrians clear from the obstruction while also maintaining a smooth flow of movement in the area.",19886.4,right
417,person,0.335,26.38,0,[FAST MODE - HIGH CONF],129.5,left
418,person,0.257,24.47,1,"1) the object appears to be a person wearing a blue shirt.
2) it is positioned in the center of the image, walking away from the camera.
3) the person has short hair, is wearing a white baseball cap, and a blue shirt with green pants. there are no other objects to describe physical characteristics for obstacle purposes.
4) i would recommend ""move left"" if you are on the same side as the person walking away. this will allow you to maintain distance from the person and avoid any potential risk of collision or getting in their way.
5) the reason for this is that it's safer and more respectful to give people space when they are moving, especially in crowded areas. by moving left, you can ensure both your safety and that of others around you.",17985.34,left
419,person,0.257,25.55,1,"1) the object appears to be a person wearing a white shirt, but their face is blurred out due to motion or focus issues in the image.
2) the person is located in the center of the image.
3) the person's size and position suggest that they are walking on a pathway next to a blue railing. their attire indicates that it might be a casual setting. however, due to the blurriness of their face, other physical characteristics cannot be confidently determined.
4) based on the available information, i recommend ""move left"" as the person seems to be walking away from us and may be moving towards an area with more people or potential obstacles that we cannot see clearly in the image.
5) by moving left, it can help ensure that the person remains visible and safe while navigating their surroundings.",21175.29,left
420,person,0.257,26.04,1,"1) what the object appears to be: the object in the image appears to be a person, specifically a woman with her child on a sidewalk or pathway.
2) its approximate position (left, center, right): the woman is standing closer to the camera than the child, so she would likely be considered closer to the foreground of the image and the child in the background.
3) any relevant physical characteristics (shape, size, color, risks): the woman has a white shirt on and appears to be walking with the child who is wearing a pink sweater. they are both standing still on the pathway or sidewalk.
4) a recommended navigation instruction (“move left”, “move right”, or “stop”): based on what i can see in this image, it's not clear if there are any obstacles that require navigational instructions as they appear to be standing still and not interacting with their surroundings.
5) a brief explanation of why: as both the woman and child seem to be stationary, there is no apparent reason for them to move left or right based on what i can see in this image.",22123.35,left
421,person,0.273,25.61,0,[FAST MODE - HIGH CONF],139.1,left
422,person,0.286,26.58,0,[FAST MODE - HIGH CONF],130.74,left
423,person,0.279,27.6,0,[FAST MODE - HIGH CONF],141.92,left
424,potted plant,0.255,4.58,0,[FAST MODE - TOO CLOSE],143.66,right
425,person,0.298,26.13,0,[FAST MODE - HIGH CONF],159.48,left
426,person,0.292,25.76,0,[FAST MODE - HIGH CONF],164.87,left
427,chair,0.259,20.14,1,"1) the object appears to be a blue chair with a brown bag hanging from it. it is positioned on the left side of the image.
2) the chair's color is blue, and its size seems to be relatively small compared to other objects in the scene. the brown bag hanging from it adds an additional element to its appearance.
3) the chair has a curved backrest and armrests, while the bag appears to be rectangular with a flat base. it's important to note that this is only an interpretation based on the image provided, as the actual objects may vary.
4) i would recommend moving right if you are currently near the blue chair with the brown bag hanging from it. this will allow you to navigate around the chair and avoid any potential obstacles or hazards associated with its presence in your path.
5) moving right is recommended because, based on the image's visual content, this would likely provide a safer and more efficient route for navigating around the blue chair and brown bag without encountering any difficulties or disruptions to your journey.",12476.46,left
428,person,0.253,24.98,1,"1) what the object appears to be: the object in the image appears to be a person wearing a blue shirt and green shorts, standing on a sidewalk next to a brick building. they are also wearing a white helmet, which suggests they might be engaged in some sort of outdoor activity or sport.
2) its approximate position: the person is located in the center of the image, with the brick building directly behind them and possibly under construction.
3) any relevant physical characteristics: the person has short hair, is wearing a white helmet for protection, and appears to be standing still on the sidewalk. the brick building behind them may have some construction work going on in progress.
4) a recommended navigation instruction: given that there are other people nearby who appear to be waiting or observing from a distance, it would be wise for the person wearing the white helmet to move away from the group and maintain a safe distance while still being able to participate in their activity. this is particularly important if they're engaging in any sort of sports game that could pose a risk of injury or collision with others.
5) a brief explanation of why: the person wearing the white helmet may be distracted, disoriented, or simply unaware of their surroundings due to being focused on their activity. by moving away from the group and maintaining a safe distance, they can reduce the risk of injury not only for themselves but also for those around them. it's essential to prioritize safety in such situations, especially when engaging in activities that involve potential hazards or risks.",16734.35,none
429,person,0.27,25.55,1,"1) the object in the image appears to be a person who is walking, although their features are blurred due to motion or focus issues. they are dressed in a blue shirt and khaki shorts.
2) the person is located on the left side of the frame, moving towards the right.
3) as the person's features are blurry, it is difficult to determine their exact size or any potential risks associated with them. however, they appear to be a normal-sized individual and seem to be walking in an open area.
4) based on the image alone, i would recommend moving away from the person if possible to maintain personal space and avoid any potential risks. this is because it's generally best to give people their personal space, especially when you can see them but don't know what they might do next. however, this instruction is based on a general principle and may not be applicable in every situation.
5) the reason for this recommendation is that being too close to someone you don't know well could potentially put your safety at risk or make the other person feel uncomfortable. by maintaining some distance, you can reduce these risks while still being aware of their presence.",13479.47,left
430,person,0.259,25,1,"1) the object in the image appears to be a blue folding chair with armrests, positioned on a sidewalk.
2) it is located in the center of the image.
3) this chair has a distinctive blue color and a folding mechanism that allows it to be easily stored when not in use. its size is relatively small, making it suitable for outdoor events or temporary setups. however, its location on the sidewalk may pose risks such as being accidentally knocked over by pedestrians or vehicles.
4) the recommended navigation instruction would be ""move left"" if you are approaching from behind and plan to pass by the chair. this action will help maintain a clear pathway for both yourself and others, reducing the risk of accidents.
5) moving left in this case is advisable as it ensures that there's enough space on your side of the image while navigating around the blue folding chair on the sidewalk.",22842.85,left
431,person,0.251,25.64,1,"1) the object in the image appears to be a blue folding chair.
2) it is located on the left side of the frame, in front of the person sitting on it.
3) this chair has a distinctive cushioned seat and backrest, making it comfortable for use. its blue color stands out against the surrounding environment. the fact that it's folding indicates its portability and convenience.
4) to navigate around this object, you should move right.
5) moving to the right will allow you to continue your path without obstructing or disturbing the person sitting on the blue chair. this action ensures both safety for yourself and respect for the other individual's personal space.",18569.47,left
432,person,0.345,24.52,0,[FAST MODE - HIGH CONF],139.07,left
433,person,0.258,26.13,1,"1) the object appears to be a person hugging another person, possibly in an affectionate manner.
2) the hugging man is positioned on the left side of the image.
3) both individuals are wearing white clothing, which suggests they may be dressed for an event or gathering. it's important to note that this could potentially indicate a crowded area, so caution should be taken.
4) i recommend navigating around these two individuals rather than getting too close, as it is always best to respect personal space and maintain proper etiquette in public settings. therefore, my recommended navigation instruction would be: ""move right"".
5) this recommendation is made to ensure that the user does not accidentally intrude on the personal space of the hugging individuals or other people nearby, as it's essential to always respect boundaries and maintain a sense of decorum in public spaces.",11672.68,left
434,person,0.253,27.37,1,"1. the object appears to be a blue bench located on the sidewalk. it is blurred in the image, making it difficult to discern its details clearly.
2. its approximate position is on the right side of the frame, against a building that also has some windows visible.
3. based on what i can see, the bench is blue and rectangular in shape. it appears to be made of metal and possibly painted or finished with a weather-resistant material like aluminum or stainless steel. its risks include sharp edges if someone were to fall onto it or trip over its legs.
4. a recommended navigation instruction for the person in the image would be to move right, as they seem to be walking towards the bench and might want to sit down to rest. however, this recommendation is made with caution due to the risk of accidents associated with the bench's sharp edges or uneven surfaces.
5. this instruction is based on the assumption that the person in the image intends to use the bench for a break from walking. if they are approaching it with an intent to sit and rest, then moving right would be the appropriate action. however, if they are planning to pass by without stopping, then ""move right"" might not be necessary.",14272.32,right
435,person,0.287,26.3,0,[FAST MODE - HIGH CONF],169.09,left
436,chair,0.255,20.08,1,"1) the object in the image appears to be a **blue chair**.
2) the chair is located on the **right side** of the frame, with its back facing towards us.
3) this particular chair seems to be sturdy and comfortable-looking, with a blue color that stands out against its surroundings.
4) to navigate around this obstacle, you should ""move right"" as there doesn't seem to be any immediate danger or hazard associated with the chair.
5) since the chair is stationary and not in your direct path, it does not pose an imminent threat or require immediate attention. however, remaining aware of its presence will help avoid accidentally bumping into it as you move around the area.",22320.68,right
437,person,0.255,26.08,1,"1) the object in the image is a dog, which appears to be small in size.
2) the dog is located on the left side of the woman who is walking.
3) the dog has long hair and its fur color is brown with white markings. this may indicate that it is not well-groomed or might be an older breed. it appears to be a friendly and approachable pet, but there could be risks associated with sudden movements or aggressive behavior from the dog if it feels threatened or scared.
4) the woman should move left in order to maintain a safe distance between herself and the dog. this will ensure that she can control her movement while still being close enough to interact with the pet, avoiding any potential risks associated with sudden movements or aggressive behavior from the dog.
5) by moving left, the woman will be able to have more control over her surroundings and maintain a safe distance from the dog, reducing the risk of accidents or injuries that could result from unexpected dog behavior.",12036.39,left
438,potted plant,0.333,5.36,0,[FAST MODE - TOO CLOSE],219.89,right
439,potted plant,0.256,6.66,0,[FAST MODE - TOO CLOSE],190.77,right
440,chair,0.262,20.8,1,"1) the object in the image appears to be a blue plastic chair with metal legs, located on a sidewalk.
2) its approximate position is in the center of the photo.
3) the chair has a distinctive shape with its backrest and seat curved, it's relatively small compared to other chairs seen in the background, and its color is bright blue, making it stand out against the more muted colors of the surroundings.
4) i would recommend ""move left"" as there are people walking behind the chair and moving closer from that side could cause an accident or inconvenience them.
5) the reason for this recommendation is to ensure the safety of both pedestrians and the person sitting on the chair, avoiding any potential collisions or disruptions in their pathway.",9947.97,left
441,person,0.32,24.98,0,[FAST MODE - HIGH CONF],146.47,left
442,person,0.259,25.26,1,"1. object: the object in the image appears to be a person, specifically a young boy, who is walking on a sidewalk. he is wearing a blue shirt and green shorts. his face is not visible as he is looking down at something.
2. position: the boy is located on the right side of the photo.
3. characteristics: the boy appears to be alone in the image, walking without any other people around him. he seems to be focused on something on his left.
4. navigation instruction: ""move right"". this instruction suggests that there might be a path or direction for the boy to continue walking towards without bumping into any obstacles.
5. explanation: the reason behind this navigation instruction is likely due to the fact that the other people in the image are standing on the left side of the photo, which could potentially block the boy's path if he were to walk straight ahead. by moving right, the boy should be able to continue walking towards his destination without coming into contact with any obstacles or individuals in the scene.",12122.34,left
443,person,0.3,24.94,0,[FAST MODE - HIGH CONF],159.62,left
444,person,0.25,27.24,1,"1) the object appears to be a person wearing a white shirt and blue pants, holding another person's hand who is dressed in a pink shirt.
2) the person in the white shirt and blue pants is positioned on the right side of the image, while the person in the pink shirt is on the left side.
3) the person in the white shirt and blue pants has blonde hair and appears to be walking towards a tree with green leaves. the person in the pink shirt also has blonde hair and seems to be following closely behind.
4) the recommended navigation instruction would be for the person in the pink shirt to move left, away from the tree. this is because it looks like they are too close to the tree and might get hurt if they continue walking towards it.
5) it's important to be cautious around trees with green leaves as some of them can have harmful bark or roots that could cause injury or damage to property. by moving away from the tree, both individuals can avoid potential danger and continue their walk safely.",37898.1,left
445,person,0.253,26.88,1,"as an ai visual assistant, i can see that there is a person wearing blue pants walking on the sidewalk with another person who is holding their arm up. the object in question is not visible in the image due to the crop. therefore, it's not possible for me to provide detailed information about any obstacles or navigation instructions related to this object.",6593.13,none
446,person,0.262,27.08,1,"1) the object appears to be a person wearing sunglasses, but their face is blurred out.
2) the person is located in the center of the image.
3) the person's clothing is not clearly visible due to the focus being on their hand holding onto another person's arm. the person appears to be moving forward.
4) it would be recommended for the other person walking alongside this individual to move right, as there seems to be a risk of them bumping into each other or getting too close to the edge of the sidewalk due to their proximity and the unclear focus on the image.
5) the reason for recommending this navigation instruction is that it would help prevent any accidental collisions between the two people and also ensure they maintain a safe distance from the edge of the walkway.",10458.39,right
447,potted plant,0.279,15.24,0,[FAST MODE - HIGH CONF],169.89,right
448,potted plant,0.263,18.35,1,"1) the object appears to be a large, rectangular concrete planter filled with soil, containing various plants including some with red flowers. it is located on the sidewalk in front of a building.
2) its approximate position is on the right side of the image.
3) the planter is large and rectangular, made of gray concrete, and has various plants growing from it. some of the plants have red flowers, making them stand out against the soil and leaves. there are no immediate physical hazards associated with the planter or its contents.
4) i recommend moving right to get a better view of the building in the background.
5) the building is visible in the background, so moving right will provide more context about the location where the planter is situated.",9971.12,right
449,person,0.258,24.65,1,"1) the object appears to be a person with long hair.
2) the person is located in the center of the image.
3) the person has long, brown hair that covers their shoulders and neck. they are wearing a white shirt, which makes it difficult to determine other clothing or accessories they may have on.
4) i recommend caution when approaching this individual as not to startle them. if you do need to move around them, communicate your intentions verbally before making any movements.
5) this is recommended because the person seems focused and it's important to respect their space. startling someone who is concentrating may cause an unintended reaction or escalate a situation unnecessarily.",9814.01,none
450,person,0.298,26.29,0,[FAST MODE - HIGH CONF],173.74,left
451,person,0.334,27.16,0,[FAST MODE - HIGH CONF],136.41,left
452,potted plant,0.297,10.5,0,[FAST MODE - HIGH CONF],131.83,right
453,person,0.279,23.26,0,[FAST MODE - HIGH CONF],137.45,left
454,person,0.251,27.24,1,"1) the object in the image appears to be a person's leg, possibly an adult woman who is wearing blue jeans.
2) the leg is located on the right side of the image.
3) the leg is visible against a backdrop of a tree and pavement, suggesting that it is part of a larger body in motion or resting outdoors. the color of the leg clothing can't be determined from this perspective.
4) i recommend navigating ""move right"" as the person appears to be moving away from the camera and towards the background where the tree and pavement are located. this will allow the user to continue following the person with their other senses, such as sound or tactile feedback if available.
5) it's important to note that this description is based on limited information from a single perspective of an image. the actual context may vary depending on additional visual data not visible in the current viewpoint.",39511.38,right
455,person,0.265,28.37,1,"1) the object in the image appears to be a person wearing sunglasses. they are walking on a sidewalk with another person who is pushing a stroller.
2) the person wearing sunglasses is located on the right side of the image, while the other person pushing the stroller can be seen on the left.
3) the person in the pink shirt has short hair and seems to be walking faster than the other two people. the person with long hair is pushing a small child in a stroller.
4) based on their relative positions, i recommend that the person wearing sunglasses move to the left side of the image, while the other two people continue moving forward as they are already doing.
5) this recommendation is made because it will help maintain an even pace and balance between all three individuals, allowing them to enjoy their walk together without any obstacles.",11506.54,left
456,person,0.288,27.39,0,[FAST MODE - HIGH CONF],148.41,left
457,bench,0.265,23.67,1,"1) the object in the image appears to be a brown slingshot, also known as a catapult. it is typically used for launching small projectiles at high speed.
2) the brown slingshot is positioned on the left side of the image.
3) the slingshot has an elastic band that can stretch across its width, and it features a handle or resting area to hold it while aiming. it is made of fabric and rubber bands for flexibility and durability. its brown color suggests it might be used outdoors in natural environments.
4) i recommend moving right from the current position to avoid potential risks associated with the slingshot's use, such as accidentally launching projectiles towards pedestrians or property damage.
5) by moving to the right, you can safely navigate around the slingshot while maintaining a clear path forward. this will help prevent any unintended consequences that could arise from interacting with the device or being in its trajectory pathway.",12501.37,left
458,person,0.272,26.76,1,"1) the object appears to be a person wearing a hat and sunglasses. it is unclear what their purpose in the image is due to the blurred background.
2) the person's position can be described as being in between two groups of people, with one group on their left and another group on their right. they are walking towards us at an angle.
3) the person is wearing a hat and sunglasses, which suggests that it might be a sunny day or they are protecting themselves from the sun. it's hard to determine any other physical characteristics due to the blurred background.
4) a recommended navigation instruction would be to ""move left"" as there is another group of people on their right and moving towards them could cause some discomfort for the individuals in that group.
5) the reason behind this recommendation is to maintain a safe distance between the two groups, ensuring that everyone has enough space to move around comfortably without any potential collisions or accidents happening due to crowded conditions.",12564.82,left
459,person,0.261,28.71,1,"1) the object in the image appears to be a blue railing or barrier, possibly part of a fence.
2) it is located in the foreground of the image, blocking the view ahead.
3) the barrier is long and thin, with a distinctive blue color. it may pose risks if someone were to accidentally collide with it.
4) i would recommend ""move right"" because that direction seems to be free of obstacles and might lead to the person's destination.
5) by moving in this direction, the individual can avoid potential hazards posed by the blue railing or barrier in their path.",19660.28,right
460,person,0.261,27.45,1,"1) the object in the image appears to be a person, but their face is blurred out due to motion or focus issues.
2) the person is located on the right side of the image.
3) this individual is wearing a white shirt and blue pants. they are walking down a street that seems to be lined with trees in the background. there are no other specific physical characteristics that can be determined from this blurred image.
4) it's not possible to recommend any navigation instruction due to the unclear nature of the image.
5) the reason for this is that the person and their surroundings are blurred, making it impossible to determine their exact position or movement relative to other objects in the image.",9947.57,right
461,chair,0.286,22.66,0,[FAST MODE - HIGH CONF],132.36,left
462,person,0.264,26.03,1,"1) the object in the image appears to be a skateboard, which is typically used for performing various tricks and maneuvers on flat surfaces. it's usually made of wood or composite materials with four wheels attached at the bottom.
2) the skateboard is located near two people who are standing close together. one person has their back towards us, while the other is facing away from us. 
3) the skateboard appears to be green in color and is resting on a flat surface. it is positioned between the two people, with one leg visible on it. the risks associated with this object are that it could cause accidents if not used carefully or if someone tries to ride it without proper balance.
4) i would recommend navigating by moving towards the skateboard and standing next to it while maintaining a safe distance from the other person who is facing away from us. this way, you can observe any potential risks before attempting to use the skateboard.
5) taking this action ensures that you are aware of your surroundings and the position of the people around you. it also helps prevent accidents by allowing you to assess the situation before using the skateboard or approaching it with caution if needed.",38174.85,none
463,person,0.269,26.82,1,"1) the object appears to be a cardboard box filled with various items, including green plants that are wrapped in plastic. it is on the ground.
2) the box is located on the left side of the image.
3) the box is rectangular and has a lid, making it difficult for someone who is blind or visually impaired to navigate around it without bumping into it. there are also green plants inside the box that can be easily crushed by accidentally stepping on them.
4) ""move right"" would be a recommended navigation instruction in this situation because there is no obstacle on the right side of the image, and moving away from the box will allow for easier navigation.
5) this recommendation is made to prevent any potential injuries or accidents that could result from bumping into the box or accidentally stepping on the green plants inside it.",25239.75,left
464,person,0.279,26.19,0,[FAST MODE - HIGH CONF],158.14,left
465,chair,0.277,20.01,0,[FAST MODE - HIGH CONF],131.44,left
466,chair,0.255,21.64,1,"1) the object in the image appears to be a brown chair with a cat hanging from it by its collar, creating an interesting and somewhat unusual sight.
2) the chair is located on the right side of the photo.
3) the chair has a blue frame which gives it a vibrant and contrasting color against the pink wall in the background. it seems to be sturdy enough to support the weight of the cat hanging from it, but its cushioned seat is not visible in this image. the cat's collar suggests that it might be someone's pet, although there are no other clues about who the owner might be.
4) i would recommend navigating towards ""move left"" to avoid accidentally knocking over the chair or disturbing the cat hanging from it.
5) moving left will allow you to maintain a safe distance between yourself and the chair, thus preventing any potential accidents or disruptions to the scene captured in the image.",12130.21,left
467,bench,0.259,22.5,1,"1) the object in the image appears to be a brown leather strap, possibly part of a bag or backpack. it is partially hanging off a blue chair.
2) the strap is located on the left side of the chair.
3) the strap is long and narrow, with a rough texture that suggests it's made of leather. its brown color contrasts with the blue of the chair. it poses no immediate risks but could be a tripping hazard if not noticed.
4) i would recommend moving to the left to avoid the hanging strap and prevent any potential accidents.
5) this is recommended because moving away from the obstacle will ensure that you don't trip or run into it accidentally.",10166.5,left
468,person,0.251,27.86,1,"1) what the object appears to be: the image shows a woman walking with two young children on a sidewalk, and there is an obstacle in front of them that looks like a metal pole or lamp post.
2) its approximate position (left, center, right): the obstacle is located on the left side of the image.
3) any relevant physical characteristics: the object appears to be tall and cylindrical, with a smooth surface and a curved top. it might have some electrical components inside, as it resembles a lamp post or power pole. its color can't be determined from this single image.
4) a recommended navigation instruction (“move left”, “move right”, or “stop”): since the obstacle is on the left side of the image and there are people walking behind it, i would recommend ""move right"" to allow them to safely bypass the obstacle without any risk of collision.
5) a brief explanation of why: the reason for recommending this navigation instruction is that moving right will provide enough space for the woman and children to pass around the obstacle safely without coming into contact with it or risking injury from a potential electrical component inside.",35659.68,left
469,bench,0.254,21.95,1,"1) the object in the image appears to be a blue chair with a brown bag hanging from one of its armrests.
2) the chair is positioned on the left side of the image, while the obstacle itself is located on the right side.
3) the chair is made of metal and has an l-shape, making it easily identifiable even though it's not in use at the moment. the brown bag hanging from one armrest adds a contrasting color to the scene.
4) i would recommend moving left to avoid the obstacle on the right side of the image. this is because the chair and its hanging bag are located on the left side, while the obstacle poses potential risks if not avoided.
5) avoiding the obstacle by moving away from it ensures a safer pathway and prevents any possible accidents or damage to objects around the area.",11479.04,left
470,person,0.275,28.11,0,[FAST MODE - HIGH CONF],171.47,left
471,person,0.259,27.06,1,"1) the object in the image appears to be a person wearing a hat, specifically a white cap.
2) this person is located on the right side of the frame, walking past a large stone wall or building.
3) the person is dressed casually and is blurred out in the photo, indicating they may not be the main subject of this image. their presence adds a dynamic element to the scene but does not pose any immediate risks.
4) for navigation purposes, it would be advisable for the user to ""move right"" if they are walking towards the person with the hat or ""stop"" if they need more time to make their decision. this is because moving too quickly may result in accidentally bumping into the person or missing an important element in the scene.
5) the reason for these recommendations is that, as a blind user, it can be challenging to navigate through crowded environments and identify potential obstacles based on visual cues alone. by following these instructions, the user can ensure they are moving at a safe pace while also being aware of their surroundings.",13034.01,right
472,person,0.27,29,1,"1) what the object appears to be: the object in the image is a woman's purse, which appears to have some sort of device or screen attached to it. it seems to be on wheels, suggesting that it might be a rolling suitcase or bag with a built-in screen for gps navigation or other electronic features.
2) its approximate position: the purse is located near the center of the image and appears to be in motion as the woman walks by.
3) any relevant physical characteristics: the purse is rectangular in shape, has a handle on top, and seems to be black or dark-colored. it also has a screen attached to it, possibly for gps navigation or other electronic features. its wheels suggest that it is designed to be easily maneuverable like a rolling suitcase or bag.
4) a recommended navigation instruction: the user should move right if they are currently on the left side of the image and vice versa in order to follow the woman carrying the purse. it's important to note that this advice is based on the assumption that navigating towards her direction might be a safe choice, as she seems to be walking around without any visible obstacles or risks.
5) a brief explanation of why: the user should move right if they are currently on the left side of the image and vice versa in order to follow the woman carrying the purse, who appears to be moving smoothly through the area without obstructions. by following her direction, they might avoid potential obstacles or hazards that may not be immediately visible in the current frame.",17603.92,left
473,person,0.287,29.24,0,[FAST MODE - HIGH CONF],141.11,left
474,person,0.25,25.79,1,"1) the object in the image is a blurry person with long hair who appears to be reaching towards another person's bag. it's difficult to determine their exact appearance due to the low resolution of the photo.
2) both individuals are located in the center of the frame, slightly overlapping each other. the person with the bag is closer to the camera than the other individual.
3) due to the blurriness and distance from which the photo was taken, it's hard to accurately describe the physical characteristics of the objects involved. it appears that both people are in motion, possibly walking or moving towards each other.
4) i would recommend stopping for a moment to assess the situation before proceeding further. this is because the low resolution makes it difficult to predict their intentions, and there might be potential risks associated with interacting with them without proper awareness of the context.
5) by stopping, you can take in more information about the people's behavior, possibly making decisions that prioritize your safety while navigating through the area.",30387.85,none
475,person,0.264,26.62,1,"1) the object in the image appears to be a person wearing a backpack, who is interacting with another person by adjusting their bag strap.
2) the person with the backpack is located in the center of the photo.
3) the person wearing the backpack is relatively small compared to other people in the background and has a large black or dark-colored bag on their back. the strap appears to be blue, indicating that it might belong to them. the interaction with the other person suggests they may need assistance.
4) recommended navigation instruction: ""move left"" if you are standing close to this person or move closer to assist them. if you are further away from the scene and not part of the group, continue observing but do not interfere unless it is safe to do so.
5) the reason for these instructions is that the person with the backpack seems to be struggling with their strap, indicating they might need help. by moving closer or assisting them, you can ensure they are comfortable and avoid causing any harm or discomfort.",12943.14,left
476,person,0.282,29.15,0,[FAST MODE - HIGH CONF],148.3,left
477,person,0.323,27.63,0,[FAST MODE - HIGH CONF],137.26,left
478,person,0.361,27.04,0,[FAST MODE - HIGH CONF],131.08,left
479,person,0.284,27.3,0,[FAST MODE - HIGH CONF],136.23,left
480,person,0.257,26.13,1,"1) the object appears to be a woman in the center of the image, she is standing and wearing a white shirt with her hand on her hip.
2) her position is central in the image, surrounded by people walking around her.
3) she has long hair and is wearing a white shirt. the exact color of her hair cannot be determined from this angle but it appears to be long. her size seems average for an adult woman.
4) based on her posture, she does not seem to be moving at the moment, so i would recommend ""stop"". this will allow you to take in more details of your surroundings and make sure that she is not a potential obstacle or danger before continuing.
5) stopping for a brief moment can help you assess the situation better and avoid any possible mishaps while navigating around her. it's always safer to be cautious when moving in an unfamiliar environment, especially if your vision is limited due to blindness.",12157.56,none
481,person,0.261,25.98,1,"1) what the object appears to be: the image shows a group of people standing around an object that is cropped out, making it difficult to identify. however, based on its size and location in the scene, it could possibly be a piece of furniture or a large decorative item.
2) its approximate position: the object is located centrally within the image, with several people standing around it.
3) any relevant physical characteristics: as i can only see part of the object, its exact shape and color are not clear. however, given that it's a group of people gathered around it, it could potentially be something valuable or interesting to them.
4) a recommended navigation instruction: ""move right"" would likely help provide a better view of the object for both me and the blind user. this can give us a clearer understanding of its physical characteristics and purpose.
5) a brief explanation of why: by moving right, i will be able to capture more of the image in my description, which should help both me and the blind user gain a better understanding of what this mysterious object is.",25027.45,right
482,person,0.256,26.65,1,"1) the object in the image appears to be a blue folding chair, which is an outdoor seating option typically made from metal and fabric.
2) the chair is positioned on the left side of the image, situated on a concrete surface.
3) the chair has a compact shape with a cushioned seat and backrest. its vibrant blue color stands out against the neutral background. the folding mechanism allows for easy transportation or storage when not in use. 
4) based on its position, i recommend navigating to the right if you are approaching from behind the chair or stopping if you are facing it directly. this is because approaching from the left may pose a risk of collision due to the chair's compact size and folding nature.
5) the reason for this recommendation is that moving around objects on concrete surfaces can be challenging, especially when they have a tapered design like a folding chair. by stopping or navigating cautiously, you minimize the risk of accidents or damage to both yourself and the chair.",33117.16,left
483,potted plant,0.304,5.02,0,[FAST MODE - TOO CLOSE],154.1,right
484,person,0.257,28.46,1,"1) the object appears to be a blue chair that someone is sitting in, located in the foreground of the image.
2) its approximate position is on the left side of the image.
3) the chair is small in size, has four legs, and is bright blue in color. it does not pose any immediate physical risks.
4) i would recommend navigating by moving to the right if there are no obstacles blocking your path.
5) this recommendation is made because the chair is on the left side of the image and you want to avoid getting too close or bumping into it while walking.",8337.75,left
485,person,0.291,27.93,0,[FAST MODE - HIGH CONF],145.06,left
486,potted plant,0.252,18.57,1,"1) the object in the image appears to be a large planter filled with rocks, holding a tall plant with thin leaves and brown stems. this is commonly found on sidewalks or near buildings.
2) its approximate position is in the center of the image.
3) the object has a rectangular shape and is located on a concrete surface. it has various risks, such as tripping if someone were to walk around it without noticing its presence.
4) i would recommend moving slightly left from this planter to avoid any potential obstacles or hazards associated with the large plant.
5) by doing so, you will be able to navigate safely and effectively around the planter while being mindful of your surroundings.",21101.95,left
487,person,0.27,28.28,1,"1) the object in the image appears to be a blue chair, which is positioned on the sidewalk.
2) the blue chair is located on the left side of the frame.
3) the blue chair has a solid color and is relatively small compared to its surroundings. it poses no risks or hazards in this image.
4) i recommend that the blind user move right towards the building, as it appears to be safer and more stable than walking alongside the chair on the sidewalk.
5) the reason for this recommendation is because moving away from the blue chair will ensure a smoother and safer path along the sidewalk. it also allows for easier navigation since there are no other obstacles in the immediate vicinity.",21326.9,left
488,potted plant,0.274,4.67,0,[FAST MODE - TOO CLOSE],142.35,right
489,chair,0.307,22.07,0,[FAST MODE - HIGH CONF],134.7,left
490,chair,0.326,22.85,0,[FAST MODE - HIGH CONF],129.08,left
491,chair,0.277,23.41,0,[FAST MODE - HIGH CONF],123.18,left
492,person,0.267,26.42,1,"1) the object in the image appears to be a person, who is standing up and holding their hand out towards another individual.
2) the standing person is located on the right side of the photo.
3) this person has brown hair and is wearing a blue shirt. they are also carrying a bag in one hand and seem to have something else in their other hand, possibly a phone.
4) i would recommend moving left towards this person if you are standing on the left side of the photo.
5) the reason for this recommendation is that the person with brown hair appears to be extending their hand outwards, likely trying to shake hands or engage in some form of interaction with someone on their other side. by moving closer, you can join them and participate in the interaction.",9675.03,left
493,person,0.288,27.98,0,[FAST MODE - HIGH CONF],135.3,left
494,person,0.256,27.04,1,"1) the object appears to be a water bottle, which is cylindrical in shape with a narrow neck and wider base. it's transparent, allowing you to see the liquid inside. its color can vary depending on the contents, but it's commonly seen in clear or colored plastic materials.
2) the water bottle is located in the foreground of the image, occupying most of the frame.
3) the water bottle is relatively small compared to other objects in the scene, and its transparent nature makes it difficult to gauge the exact amount of liquid inside without opening it. it's a common object found at social gatherings or events where people are likely to stay hydrated.
4) recommended navigation instruction: ""move left"". this would help you avoid colliding with the water bottle, as its position in the foreground might block your path if you were to continue moving forward without adjusting your course.
5) by moving left, you can maintain a safe distance from the water bottle while navigating through the scene filled with people and other objects.",12192.62,left
495,potted plant,0.324,4.43,0,[FAST MODE - TOO CLOSE],140.15,right
496,potted plant,0.327,14.99,0,[FAST MODE - HIGH CONF],131.4,right
497,potted plant,0.251,15.04,1,"1) the object appears to be a large, concrete planter containing a plant with brown leaves. it is located on the ground in front of a building.
2) the planter is centrally positioned within the image.
3) the planter has an irregular shape and is approximately three feet tall. it is rectangular in cross-section and filled with soil. the plant it contains has brown leaves, suggesting that it may be either dormant or under stress.
4) i would recommend moving left from the planter to avoid any obstacles around it or on the ground.
5) this recommendation is based on the fact that there do not appear to be any immediate hazards around the planter, and moving left will likely allow you to continue walking without difficulty.",9629.41,left
498,person,0.253,28.1,1,"1. the object in the image appears to be a person standing on a sidewalk, surrounded by other people and buildings.
2. the person is located in the center of the image.
3. the person has long hair and is wearing a white shirt. their exact size or physical characteristics cannot be determined from this cropped image.
4. i would recommend navigating towards the left side of the frame, as there may be other people or obstacles on that side of the frame to avoid. however, it's important to note that this is a general recommendation and actual navigation should be based on real-time assessment of the surroundings.
5. this suggestion is made based on the assumption that navigating towards the left may help in avoiding potential obstacles or other people present in the scene. however, it's crucial to always consider the current environment when making navigation decisions.",10699.22,left
499,potted plant,0.262,13.54,1,"1) the object in the image appears to be a large potted plant with long leaves, located on top of a concrete planter box. it is positioned in the center of the image.
2) its approximate position is between two buildings - one brick and one red with an awning. it seems to be situated near the entrance of a building or perhaps a public space.
3) the plant has long, thin leaves that are brown and wavy-looking, giving it a distinctive appearance. the concrete planter box appears to be rectangular in shape and is located on a sidewalk or pavement area.
4) it would be recommended for the blind user to move left from their current position if they were standing near this potted plant. this is because moving left would take them closer to the entrance of the building, making it easier for them to navigate.
5) the reason for this recommendation is that by moving left, the user can get a better sense of their surroundings and be able to identify more landmarks or other objects in the area, such as benches or trees. this will help them orient themselves and move around with greater confidence and ease.",12832.52,left
500,person,0.376,26.11,0,[FAST MODE - HIGH CONF],135.25,left
501,person,0.304,24,0,[FAST MODE - HIGH CONF],130.45,left
502,person,0.266,23.22,1,"the image you provided is a bit blurry, but based on what i can see, here's my best attempt at describing the obstacle:

1) the object appears to be a **blue folding chair**.
2) it is located in the **center of the image**.
3) the chair has a unique design with multiple legs and it seems sturdy enough for standing. its blue color stands out against the gray sidewalk.
4) i would recommend that the blind user either **move to one side** or **stop**, depending on which way they are heading. this will give them more time to detect other pedestrians in their path and avoid accidentally running into it.
5) the chair could pose a risk for both the blind user and others around them if not navigated carefully. by moving out of its way or stopping, the blind user can prevent potential accidents and ensure everyone's safety.",11121.25,none
503,person,0.316,28.72,0,[FAST MODE - HIGH CONF],137.56,left
504,person,0.267,27.94,1,"1) the object appears to be a blue plastic chair, which is an obstacle in the image.
2) the blue plastic chair is located on the right side of the frame.
3) the blue plastic chair is rectangular in shape and has four thin legs supporting it. it is bright blue in color. there are no apparent risks associated with this object, other than its presence in the way for pedestrians or those trying to navigate around it.
4) i would recommend navigating ""move left"" from the current position. this will allow you to avoid the obstacle and continue your path without any issues.
5) by moving left, you can maintain a clear path forward and avoid bumping into the blue plastic chair, which is blocking your way on the right side of the image.",10010.32,left
505,potted plant,0.256,9.93,0,[FAST MODE - TOO CLOSE],10058.06,right
506,bench,0.274,27.69,0,[FAST MODE - HIGH CONF],680.56,left
507,potted plant,0.274,20.43,0,[FAST MODE - HIGH CONF],208.25,right
508,person,0.267,28.05,1,"1) the object appears to be a **chair**, which is blue in color. it seems to be the only chair visible in the image.
2) the chair's approximate position is on the **right side** of the image.
3) the chair has an interesting shape and size, being large enough for someone to sit comfortably. its main risk is that it may obstruct the pathway if not moved or navigated around carefully.
4) a recommended navigation instruction would be to ""move right"" in order to avoid stepping on or tripping over the chair.
5) this suggestion is based on the fact that moving right will allow you to maintain a safe and clear walking path, reducing the risk of accidents or injuries from obstacles like this chair.",10272.67,right
509,chair,0.332,21.48,0,[FAST MODE - HIGH CONF],346.76,left
510,chair,0.263,22.09,1,"1) the object in the image appears to be a blue plastic chair. it is positioned on the right side of the frame.
2) the physical characteristics of the chair include its color, which is blue, and its shape, which is that of a typical outdoor chair with a backrest and armrests.
3) as for navigation instructions, it would be recommended to ""move left"" or ""stop"", depending on the context in which this image is being used. for example, if the user needs to move around some other objects, then moving left could help avoid the chair. however, if the user is already near the chair and does not need to continue moving, then stopping would be a better option.
4) the reason for these recommendations is that chairs can pose risks to blind users as they may collide with them while walking around, especially in crowded or cluttered environments. by either moving left or stopping, the user could avoid colliding with the chair and ensure their safety. however, it is important to note that this advice is based on generalizations and assumptions about chairs and their potential hazards for blind users, and may not apply in every situation.",13109.16,left
511,chair,0.31,23.03,0,[FAST MODE - HIGH CONF],184.98,left
512,person,0.251,23.29,1,"1) the object in the image appears to be a blue chair, which is positioned on the ground rather than being upright like a typical chair.
2) the blue chair is located in the center of the image, with other people walking by it.
3) the chair has four legs and an unusual shape, as if it's been placed upside down or flipped over. it also appears to be made of plastic material, which may pose risks such as being slippery when wet.
4) i would recommend the user to move right, away from the chair. this is because the chair might obstruct their path and potentially cause them to trip or stumble if they are not careful.
5) the reason for this recommendation is that avoiding obstacles in one's path is a crucial aspect of safe navigation, especially for blind individuals who rely on sensory cues other than sight to understand the environment around them.",20089.58,right
513,person,0.266,29,1,"1) the object appears to be a person standing in front of a building with windows. they are wearing a gray shirt and have their hand on their head.
2) the person is located in the center of the image.
3) the person is relatively large, with an average height for adults. they are dressed in casual clothing, including a gray shirt. their hair is brown, and they appear to be indoors due to their proximity to the building's windows.
4) the recommended navigation instruction would be ""stop"" as there doesn't seem to be any immediate danger or reason for the person to move from their current position.
5) there isn't a clear risk in this situation, but it is generally safer to observe people from a distance and avoid sudden movements if unsure of the context of the scene.",10472.35,none
514,person,0.268,26.97,1,"1) the object in the image appears to be a blue folding chair, which seems to have been placed on top of another folding chair. 
2) the blue chair is located towards the left side of the image. 
3) the blue chair has an l-shape structure and a blue fabric cover. it's smaller than the other object in front of it. 
4) i recommend moving right to avoid collision with the larger folding chair. 
5) moving to the right is recommended because it will allow you to navigate around the obstacle without causing any damage or injury due to accidentally hitting the chairs.",8596.58,left
515,person,0.315,22.83,0,[FAST MODE - HIGH CONF],185.36,left
516,person,0.296,21.36,0,[FAST MODE - HIGH CONF],146.82,left
517,person,0.253,28.8,1,"1) the object in the image appears to be a person, possibly engaged in some form of performance or act that involves balancing on one hand.
2) the person is located in the center of the image.
3) this person has short hair and seems to be wearing a gray shirt. they are standing with their right arm extended towards the sky while balancing on their left hand, which adds an element of difficulty and risk to their performance.
4) a recommended navigation instruction for this scene would be ""stop"", as there is no apparent need for movement or direction in relation to the person's actions.
5) this recommendation is based on the fact that the person appears to be engaged in a balancing act, which requires focus and stability rather than any form of locomotion or navigation.",9776.41,left
518,dining table,0.259,21.88,1,"1) the object in the image appears to be a blue chair with a brown bag hanging from its armrest. it is located on the right side of the image.
2) the chair's physical characteristics include its blue color, wooden material, and curved backrest. the brown bag has a rectangular shape and hangs down from the left armrest of the chair.
3) the hanging bag presents a risk to pedestrians or people sitting on the chair as it might cause them to trip or be struck by the bag. it also indicates that someone may have forgotten their belongings while they were engaged in an activity nearby.
4) i recommend moving the chair slightly towards the left side of the image and away from any walkways, so pedestrians can easily pass by without tripping over the hanging bag or getting injured by it.
5) this action would help create a safer environment for everyone in the area by reducing potential hazards caused by the chair's current position and its attached brown bag.",22756.75,left
519,person,0.291,27.47,0,[FAST MODE - HIGH CONF],144.37,left
520,person,0.259,27.97,1,"1) the object in the image appears to be a person sitting on a blue chair, which is located in front of another person who is standing near a building.
2) the person sitting on the blue chair is positioned on the left side of the image, while the other person is standing on the right side.
3) the object on the left is a blue chair with curved armrests and a cushioned seat. it appears to be comfortable for seating. the person sitting on it seems calm and relaxed. on the right side, there is another person wearing a gray shirt who appears to be gesturing with their hands, possibly in conversation or giving directions.
4) based on this observation, i would recommend navigation instruction of ""move left"" if someone wants to approach the seated individual on the chair or ""move right"" if they want to approach the standing person. this is because it allows for a clear understanding of where each person is and how they are oriented in relation to one another and their surroundings.
5) these recommendations are based on visual observations from the image, which shows that people have different activities going on within a confined space. the seated person seems relaxed while chatting with someone or reading something not visible in the image, whereas the standing person appears to be more engaged in conversation or giving directions.",14872.09,left
521,chair,0.253,20.56,1,"1) the object in the image is a brown bag hanging from the backrest of a blue chair with a white cushion. 
2) the chair is positioned on the left side of the frame, while the wall forms the background. 
3) the chair appears to be sturdy and comfortable, with its blue color contrasting against the brown bag hanging from it. the bag's position suggests that it may not be securely attached to the chair or could swing freely when the chair is moved. this presents a potential risk of tripping or injury if someone were to navigate around the area without being aware of this hazard. 
4) i would recommend stopping and rearranging the bag, so it is safely secured before navigating the area. by doing so, you can prevent any accidents from occurring due to the swinging bag. 
5) the reason for this recommendation is that the hanging bag poses a tripping hazard, and securing it will ensure safer navigation in the area.",11983.47,left
522,person,0.269,28.57,1,"1) the object appears to be a bicycle wheel, which is attached to the back of a bicycle that is chained up against a wall or pole.
2) the bicycle wheel is located on the left side of the image.
3) the bicycle wheel is black and round in shape, with spokes radiating from the center hub to the rim. it may pose a tripping hazard for individuals walking by.
4) to avoid any potential accidents or injuries, i would recommend moving away from this object on the left side of your path.
5) moving away from the bicycle wheel reduces the risk of accidentally stepping on it or encountering obstacles caused by its presence, ensuring a safer and more comfortable walking experience.",10081.27,left
523,person,0.345,23.97,0,[FAST MODE - HIGH CONF],146.52,left
524,person,0.28,22.85,0,[FAST MODE - HIGH CONF],129.43,left
525,person,0.284,21.36,0,[FAST MODE - HIGH CONF],129.82,left
526,person,0.271,21.48,1,"1. the object appears to be a blue plastic chair.
2. the chair is located in the center of the image, with people walking by it on both sides.
3. the chair is small in size, has a curved backrest and armrests, and is light blue in color. it poses no physical risks to passersby.
4. based on its position and surroundings, i recommend moving right if you are currently walking past it or left if you are approaching it from the opposite direction.
5. the chair is not obstructing any pathways, so it's safe to move in either direction without causing inconvenience to others.",9290.9,left
527,person,0.256,28.54,1,"1. the object appears to be a person carrying a backpack, wearing white pants, and a blue shirt. they are also holding a bag in their left hand while standing on the sidewalk.
2. their position is on the right side of the image.
3. the person has a blue shirt, white pants, brown hair, and is carrying a backpack and a bag. they are standing on the sidewalk.
4. a recommended navigation instruction for this user would be to ""move left"".
5. this recommendation is based on the fact that there appears to be more open space on the left side of the image, allowing the person to maintain their current path without any visible obstacles in their way.",19015.91,left
528,person,0.267,27.21,1,"1) the object in the image is a blue plastic chair.
2) it is located on the right side of the frame.
3) the chair is round with armrests, and it has a distinct blue color. it appears to be empty and stationary at the moment.
4) i would recommend moving slightly to the left if you are standing close to the chair. this will give you more space to move around without accidentally bumping into it or tripping over its legs.
5) the chair's blue color makes it stand out against the background, but it is still a potential obstacle. by moving slightly to the left, you can avoid any risks of collision and ensure smooth navigation in this area.",9983.9,left
529,bench,0.289,22,0,[FAST MODE - HIGH CONF],139.6,left
530,person,0.253,18.71,1,"1) the object in the image appears to be a blue plastic chair.
2) it is located on the left side of the image.
3) the chair is relatively small, with curved backrest and armrests. its color is bright blue, which contrasts with its surroundings.
4) to avoid any potential accidents or injuries caused by tripping over the chair, it would be best to move this object out of the way. i recommend moving it to the right side of the image.
5) moving the chair to the right will create a safer environment for both pedestrians and people with visual impairments. this action can help prevent any unforeseen accidents or injuries that could occur due to the presence of an obstacle in the pathway.",10245.84,left
531,person,0.339,22.45,0,[FAST MODE - HIGH CONF],125.7,left
532,chair,0.298,22.82,0,[FAST MODE - HIGH CONF],118.64,left
533,chair,0.258,23.01,1,"1) the object in the image is a brown purse that appears to be hanging from a blue chair.
2) the purse is located on the left side of the image, while the blue chair is situated on the right.
3) the purse is oval-shaped and has a sizeable handle, suggesting it's meant for easy carrying. its brown color contrasts with the bright blue of the chair, which may be made of plastic or metal based on its appearance.
4) i would recommend moving the purse to the right side of the image by unhooking it from the chair and holding it in hand if possible. this action will clear the path for better navigation and prevent potential tripping hazards due to the hanging bag.
5) the reason behind this recommendation is that the current positioning of the purse on the left side poses a risk as one might accidentally trip over it while moving around, especially if the user is blind or has limited visibility. by moving the purse to the right side, it will be out of the way and reduce the likelihood of tripping accidents.",24754.14,left
534,bench,0.286,23.85,0,[FAST MODE - HIGH CONF],141.56,left
535,person,0.294,27.7,0,[FAST MODE - HIGH CONF],132.42,left
536,bench,0.262,25.47,1,"1) the object appears to be a brown purse hanging from the handle of a blue chair, possibly on a coat rack in an outdoor setting.
2) its approximate position is between two chairs - one blue (on the right side) and one black (on the left side).
3) the brown purse is oval-shaped with straps attached to it, allowing it to be hung from a handle. the chair it's hanging off of is blue in color and has metal legs. there may also be a risk of someone accidentally stepping on the purse if they don't see it first.
4) i would recommend moving right towards the blue chair, as this seems to be closer and less obstructive compared to the black chair on the left side.
5) this recommendation is based on the assumption that the user is approaching from behind both chairs and wants to avoid any potential tripping hazards or collisions with the purse hanging from the chair's handle.",11657.5,left
537,person,0.263,26.86,1,"1) the object in the image appears to be a person carrying a backpack.
2) the person is located on the right side of the image, walking away from it.
3) the person has blonde hair and blue jeans. they are wearing a green jacket and a white t-shirt. their backpack seems to be colorful.
4) i would recommend ""move left"" if you want to get closer to this person or follow them.
5) this is because the person is walking away from the camera, so moving in their direction will bring you closer to them and allow you to interact with them more easily.",8624.85,left
538,bench,0.303,21.83,0,[FAST MODE - HIGH CONF],132.92,left
539,bench,0.263,22.43,1,"the image depicts a scene with a person sitting on a blue chair at an outdoor cafe. the chair is located in the center of the photo, occupying a significant portion of the frame from left to right. it's made of metal and has a curved backrest that gives it a comfortable appearance.

in terms of obstacles, there are people walking by in the background on the right side of the photo. they are partially obscured due to their distance from the chair. additionally, there is a blue table with a green bottle placed on top of it directly behind the person sitting on the chair. this table and bottle can be considered as potential obstacles that might obstruct someone's path if they were walking in front of the chair.

given this information, i recommend moving to the left side of the photo where there is more space and no visible obstacles. doing so will allow you to navigate around the people walking by without coming into contact with them or the objects on the table.",11612.59,left
540,bench,0.256,17.19,1,"1) the object appears to be a brown purse hanging from the armrest of a blue chair with a black strap.
2) the chair is located in the center of the image.
3) the purse has a round shape and is made of leather, making it appear sturdy. its color contrasts with the blue of the chair. however, its hanging position may pose a risk to other people sitting nearby or even cause damage to the chair if it swings around too much.
4) i recommend moving away from the chair and giving some space to avoid potential accidents caused by the swinging purse.
5) the reason for this recommendation is that the hanging purse may pose a safety risk to both yourself and others in the area, as its movement could lead to accidental collisions or damage to nearby objects.",31992.69,none
541,bench,0.251,18.84,1,"1) the object in the image appears to be a blue plastic chair, possibly found on a sidewalk.
2) the chair is located on the left side of the frame.
3) the chair has a distinct blue color and is made of plastic material. it is relatively small compared to other objects in the background. there are no apparent risks associated with this object.
4) i recommend moving right, as there seems to be an obstacle on the left side that may block your path.
5) the recommended navigation instruction is ""move right"" because you need to avoid the obstacle on the left and continue walking towards your destination.",8590.74,left
542,bench,0.257,16.28,1,"1. the object appears to be a blue chair with a brown seat. it is located on the left side of the image.
2. its approximate position is near a table where people are sitting, which can also be seen in the background.
3. the chair is blue and has a wooden frame, while the seat is made of brown leather. there are two black straps attached to it. it seems to be stationary and there's no immediate danger associated with it.
4. a recommended navigation instruction would be ""move right"" as there doesn't seem to be any obstacle in the way of a person navigating around the chair or table.
5. the chair is situated between two tables, one on its left and another one on its right. it might be blocking someone's path if they don't pay attention while walking by it.",21125.37,left
543,person,0.302,25.82,0,[FAST MODE - HIGH CONF],135.12,right
544,person,0.257,24.64,1,"1) the object appears to be a blue folding chair.
2) it is located in the center of the image, facing towards the right side.
3) the chair has a rectangular shape with four legs for stability. it is blue and seems sturdy enough to sit on without any visible risks.
4) i recommend moving the chair slightly to the left if you are planning to sit in it. this will give you more room to stand up or move around comfortably.
5) moving the chair to the left will provide a better view of your surroundings and ensure that there is enough space for other people who may be present or passing by.",8727.68,left
545,person,0.28,24.75,0,[FAST MODE - HIGH CONF],134.86,left
546,person,0.258,23.99,1,"1) the object in the image appears to be a woman's purse. it is brown in color with a distinctive leopard print pattern.
2) the purse is centrally located in the image, held by one of the three women who are present in the scene.
3) the purse is medium-sized and its unique leopard print design makes it easily distinguishable from other objects in the image. the woman holding it appears to be carrying a book as well. 
4) i would recommend that the person navigate ""move left"" to avoid bumping into the purse or causing any accidental damage to it.
5) this recommendation is based on the fact that there are other people present in the image and moving away from the woman holding the purse will help ensure a safe distance between them, minimizing the risk of any accidents or collisions with the object.",10796.73,left
547,person,0.252,23.76,1,"1) the object in the image appears to be a blue folding chair, which is typically used for seating purposes.
2) the blue folding chair is located on the left side of the image.
3) the chair has a rectangular shape with four legs and is primarily colored blue. it is made of metal and features a folding mechanism that allows it to be compact when not in use. however, its presence on a potentially uneven surface like a brick pathway may pose a tripping hazard if someone does not notice it.
4) i would recommend the navigation instruction ""move left"" or ""stop"", depending on the current movement direction of the user. if they are moving towards the chair, stopping would be safer to avoid potential injury from stepping on the folding legs. if they are away from the chair and likely approaching it, then moving right could help them maintain a safe distance while still being able to use or move past it when needed.
5) the reason for these instructions is based on safety considerations. since the blue folding chair may not be in its usual location (such as inside a home), it might be unexpected and therefore pose an unforeseen risk of tripping if someone walks near it without being aware of its presence. it's essential to navigate carefully around such obstacles to ensure safety while navigating the environment, especially for blind users who rely on auditory cues and tactile feedback from their surroundings.",15614.89,left
548,person,0.268,22.41,1,"1. the object appears to be a woman walking in the background, she is wearing a white shirt, blue shorts, and carrying a backpack. her presence might obstruct the view for the blind user as they move around.
2. she is located behind the group of people who are standing together, which suggests that her position is not directly behind them but rather further in the background.
3. the woman is wearing a white shirt and blue shorts, indicating a lighter clothing color palette. her backpack might suggest she's carrying some belongings or equipment. as an obstacle, her presence may limit the available space for navigation and pose potential risks if someone were to walk into her path unknowingly.
4. the blind user should ""move right"" in order to avoid this woman and any other individuals who might be obstructing their path. this will help them maintain a safe distance from obstacles while navigating the area.
5. by moving right, the blind user can create more space around themselves, reducing the risk of collision with others or unexpected objects in their path. it also allows them to have better situational awareness and make informed decisions about their movement based on the environment they're in.",13762.39,right
549,person,0.313,22.79,0,[FAST MODE - HIGH CONF],150.3,left
550,person,0.27,26.22,1,"1) the object appears to be a blue chair, which is located in the center of the image.
2) its approximate position is central within the frame of the image.
3) the chair has a distinctive blue color that stands out against its surroundings. it also features armrests and a backrest for comfort.
4) i would recommend moving to the right, as there seems to be more space on that side of the chair.
5) this recommendation is based on the fact that the image shows an open walkway with no other obstacles in the immediate vicinity. moving towards the right should allow you to continue along a clear path without encountering any hindrances.",9365.94,right
551,person,0.252,26.5,1,"1) the object appears to be a person, but their face is obscured by the black shirt they are wearing. they have brown hair.
2) the person is located in the center of the image.
3) the individual has blonde hair and is wearing a grey t-shirt. they are standing on a sidewalk with a blue chair visible behind them. their position suggests that they may be walking towards or away from the camera, but their exact direction cannot be determined due to the obstructed view of their face.
4) based on the image, it is recommended to ""move right"" if you are trying to get closer to this person in order to see more of their face and figure out what they are doing or looking at.
5) the reason for this navigation instruction is that moving to the right will provide a clearer view of the person's features and potentially allow them to engage with the viewer more effectively.",13042.5,right
552,person,0.28,25.86,0,[FAST MODE - HIGH CONF],180.64,left
553,person,0.317,24.32,0,[FAST MODE - HIGH CONF],148.97,right
554,bench,0.251,13.8,1,"1) the object in the image appears to be a blue chair with a brown bag hanging from it, located on a sidewalk near a street corner.
2) the chair is positioned to the left of the frame, while the street corner is visible in the background.
3) the chair has a distinctive blue color and a wooden texture, giving it an old-fashioned look. the brown bag hanging from its back suggests that it might belong to someone who just finished shopping or enjoys taking their time exploring the city. the street corner in the background is made of concrete and features a pink awning on one side.
4) based on the current location, i would recommend moving right if you're blindfolded. this will allow you to reach the street corner without encountering any obstacles or hazards.
5) the reason for this recommendation is that the chair is located closer to the viewer than the street corner and can potentially obstruct your path if you attempt to move towards it. by moving right, you'll be able to navigate around the chair more easily and continue on towards the street corner without any issues.",14401,left
555,person,0.259,24.8,1,"1) the object in the image appears to be a blue folding chair. it is designed with metal legs for support and has an adjustable backrest for comfort. 
2) the chair is positioned centrally within the frame of the image, occupying most of the space.
3) the chair's physical characteristics include its blue color, which contrasts against the pink tiled floor it is situated on. it also has a folding mechanism and an adjustable backrest, allowing for flexibility in use. however, the metal legs may pose a tripping hazard if not noticed by the user.
4) i recommend navigating around the chair by moving to its left or right, as needed. this will help avoid accidentally stepping on or colliding with it.
5) following these instructions is important because it helps prevent accidents and injuries that could occur from tripping over the metal legs of the chair or bumping into it while navigating in a space where its presence may not have been anticipated by those using the area.",14249.22,left
556,person,0.272,25.07,1,"1) the object in the image appears to be a blue plastic chair with metal legs and armrests, situated on a sidewalk or patio area. it is positioned on the left side of the frame.
2) its approximate location is on the left side of the photo, outside near a window.
3) the chair has a distinctive blue color that stands out against its surroundings. it's made of plastic and metal, making it lightweight and easy to move or rearrange as needed. however, it also presents potential risks due to its location on the sidewalk where pedestrians walk.
4) i would recommend navigating around this chair by moving left or right to avoid any obstruction while walking. this way, one can maintain a clear path for themselves and other pedestrians.
5) navigating carefully around the chair helps ensure everyone's safety and comfort in public spaces like sidewalks and patios. by being mindful of such obstacles, individuals can prevent trips or falls that could lead to injuries.",14173.7,left
557,person,0.254,21.48,1,"1) the object appears to be a person, possibly an older woman with gray hair. she is standing on a sidewalk next to other people who are also walking.
2) her position is slightly towards the left of the frame.
3) the woman has gray hair and is wearing a white shirt. she seems to be in motion along with the other people, suggesting that she might be out for a walk or on her way to some destination.
4) based on what i can see, it would be best for this user to move right to avoid any obstacles or potential collisions with the woman and other pedestrians.
5) the reason for this navigation instruction is that there doesn't appear to be a clear path between the user and their destination without passing by the woman and potentially causing an awkward situation or even getting injured in case of sudden movements from either party. by moving right, the user can maintain a safe distance while still making progress towards their destination.",12697.67,left
558,chair,0.259,13.85,1,"1) the object in the image appears to be a chair with a brown bag hanging from its backrest. it is positioned on the left side of the frame.
2) the chair is blue, and it stands out against the pink wall in the background. the brown bag dangles down, adding an element of interest to the scene.
3) the chair's physical characteristics include its vibrant blue color and curved backrest with armrests. the brown bag attached to it adds a contrasting hue to the image. it's crucial to note that there might be risks associated with moving or interacting with this object, as the bag could swing or hit someone if not handled carefully.
4) based on its position and appearance, i recommend navigating ""move left"" to avoid any potential hazards posed by the hanging bag.
5) the rationale for choosing ""move left"" is that doing so would allow you to maintain a safe distance from the chair and avoid getting hit by the swinging bag. it's always better to err on the side of caution when navigating spaces with potential obstacles or hazards.",15158.56,left
559,chair,0.254,14.23,1,"1. the object in the image appears to be a brown leather purse hanging from a hook on a blue chair.
2. the purse is located on the left side of the chair, dangling downwards from its strap.
3. the purse has a rectangular shape with rounded corners and a shiny, smooth texture. its color is rich brown leather. there are no immediate risks associated with it.
4. to avoid hitting or tripping over the purse, i recommend moving to the left side of the chair if you are standing close to it. if you are sitting on the right side of the chair and need to move past the purse, be cautious and ensure that your path is clear before proceeding.
5. the reason for this advice is to prevent any accidents or injuries that may occur due to the unexpected obstacle in the form of a hanging purse on the chair's left side.",12170.34,left
560,person,0.251,24.24,1,"1) the object appears to be a person, who is in the middle of an action.
2) its approximate position is between two other people, one on each side.
3) the person has long hair, is wearing glasses, and seems to be walking with their arm extended out. they are also carrying a backpack. the background is blurred but appears to be a street scene with traffic lights.
4) a recommended navigation instruction would be ""move right"" as the person is moving towards the left side of the image.
5) this recommendation is based on the position and direction of the person in the image, indicating that they are walking away from the viewer's perspective and towards the right side of the frame.",37461.33,left
561,bench,0.251,23.76,1,"1) the object in the image appears to be a blue folding chair with a metal frame and cushion, also known as a lawn or garden chair. it is positioned on its side on a pink brick patio.
2) the blue folding chair is located in the center of the image.
3) the chair has a rectangular shape with rounded edges and is approximately waist-high for an average adult. it is primarily blue, but it also features a cushion in matching shades of blue and white. there are no visible risks associated with this object other than potential tripping hazards due to its position on the ground.
4) i recommend navigating around the chair by moving either left or right. this will allow you to avoid accidentally stepping on it while walking, as well as prevent any damage that might be caused by accidentally hitting it with a mobility aid like a wheelchair or walker.
5) moving around the chair in this manner is recommended because it is an obstacle placed in your path and needs to be navigated around safely. by doing so, you can avoid potential accidents that might result from tripping over or hitting the chair with a mobility aid.",15528.23,left
562,person,0.282,17.88,0,[FAST MODE - HIGH CONF],208.36,left