frame,object_name,yolo_confidence,depth_ft,used_vlm,output_text,latency_ms,direction
1,person,0.263,29.48,0,[FAST MODE - HIGH CONF],2004.37,left
2,bench,0.261,28.8,0,[FAST MODE - HIGH CONF],274.01,left
3,person,0.289,30.83,0,[FAST MODE - HIGH CONF],229.04,left
4,person,0.278,30.19,0,[FAST MODE - HIGH CONF],183.79,left
5,person,0.26,30.15,0,[FAST MODE - HIGH CONF],207.77,left
6,person,0.256,28.81,0,[FAST MODE - HIGH CONF],209.19,left
7,person,0.252,30.57,0,[FAST MODE - HIGH CONF],239.35,left
8,person,0.268,28.46,0,[FAST MODE - HIGH CONF],195.33,left
9,person,0.253,28.98,0,[FAST MODE - HIGH CONF],202.3,left
10,person,0.268,29.48,0,[FAST MODE - HIGH CONF],206.35,left
11,person,0.321,30.04,0,[FAST MODE - HIGH CONF],264.57,left
12,person,0.312,29.89,0,[FAST MODE - HIGH CONF],171.12,left
13,person,0.299,29.1,0,[FAST MODE - HIGH CONF],169.34,left
14,person,0.277,28.82,0,[FAST MODE - HIGH CONF],205.92,left
15,person,0.266,28.27,0,[FAST MODE - HIGH CONF],215.29,left
16,person,0.254,27.87,0,[FAST MODE - HIGH CONF],200.46,left
17,person,0.314,28.76,0,[FAST MODE - HIGH CONF],204.62,left
18,potted plant,0.29,19.39,0,[FAST MODE - HIGH CONF],207.16,left
19,potted plant,0.31,22.34,0,[FAST MODE - HIGH CONF],245.53,left
20,potted plant,0.356,20.7,0,[FAST MODE - HIGH CONF],200.55,left
21,bench,0.266,26.39,0,[FAST MODE - HIGH CONF],183.06,left
22,person,0.272,26.48,0,[FAST MODE - HIGH CONF],201.75,left
23,bench,0.286,24.09,0,[FAST MODE - HIGH CONF],186.08,left
24,person,0.262,26.83,0,[FAST MODE - HIGH CONF],184.72,left
25,person,0.32,27.6,0,[FAST MODE - HIGH CONF],203.87,left
26,person,0.306,28.17,0,[FAST MODE - HIGH CONF],203.17,left
27,person,0.254,27.88,0,[FAST MODE - HIGH CONF],189.06,left
28,person,0.31,27.59,0,[FAST MODE - HIGH CONF],175.7,left
29,person,0.309,26.69,0,[FAST MODE - HIGH CONF],170.62,left
30,person,0.259,26.91,0,[FAST MODE - HIGH CONF],200.16,left
31,person,0.26,26.82,0,[FAST MODE - HIGH CONF],199.55,left
32,person,0.254,27.62,0,[FAST MODE - HIGH CONF],243.2,left
33,bench,0.275,3.94,0,[FAST MODE - TOO CLOSE],155.4,right
34,bench,0.27,24.74,0,[FAST MODE - HIGH CONF],159.33,left
35,bench,0.25,25.29,0,[FAST MODE - HIGH CONF],160.98,left
36,person,0.282,27.71,0,[FAST MODE - HIGH CONF],154.38,left
37,person,0.271,27.76,0,[FAST MODE - HIGH CONF],163.38,left
38,person,0.254,28.67,0,[FAST MODE - HIGH CONF],176.09,left
39,potted plant,0.261,16.8,0,[FAST MODE - HIGH CONF],174.5,left
40,person,0.271,28.19,0,[FAST MODE - HIGH CONF],163.19,left
41,person,0.304,26.44,0,[FAST MODE - HIGH CONF],132.84,left
42,person,0.271,26.12,0,[FAST MODE - HIGH CONF],183.27,left
43,bench,0.308,25.6,0,[FAST MODE - HIGH CONF],194.57,left
44,bench,0.306,24.75,0,[FAST MODE - HIGH CONF],146.82,left
45,person,0.269,25.02,0,[FAST MODE - HIGH CONF],168.59,left
46,person,0.378,27.21,0,[FAST MODE - HIGH CONF],161.5,left
47,person,0.251,25.98,0,[FAST MODE - HIGH CONF],125.95,left
48,clock,0.273,20.79,0,[FAST MODE - HIGH CONF],178.79,right
49,person,0.318,27.92,0,[FAST MODE - HIGH CONF],196.95,left
50,person,0.265,27.63,0,[FAST MODE - HIGH CONF],170.53,left
51,person,0.251,28.49,0,[FAST MODE - HIGH CONF],146.08,left
52,person,0.278,28.74,0,[FAST MODE - HIGH CONF],168.09,left
53,person,0.251,27.3,0,[FAST MODE - HIGH CONF],158.16,left
54,person,0.25,27.11,0,[FAST MODE - HIGH CONF],175.89,left
55,person,0.252,24.09,0,[FAST MODE - HIGH CONF],224.05,left
56,clock,0.461,20.95,0,[FAST MODE - HIGH CONF],219.11,right
57,clock,0.375,21.62,0,[FAST MODE - HIGH CONF],186.64,right
58,bench,0.281,25.32,0,[FAST MODE - HIGH CONF],207.89,left
59,person,0.25,27.32,0,[FAST MODE - HIGH CONF],172.64,left
60,potted plant,0.502,27.75,0,[FAST MODE - HIGH CONF],199.32,right
61,person,0.258,28.81,0,[FAST MODE - HIGH CONF],187.99,left
62,person,0.253,28.44,0,[FAST MODE - HIGH CONF],215.1,left
63,person,0.251,29.49,0,[FAST MODE - HIGH CONF],172.79,left
64,person,0.288,28.72,0,[FAST MODE - HIGH CONF],170.54,left
65,person,0.285,29.28,0,[FAST MODE - HIGH CONF],157.66,left
66,person,0.292,29.16,0,[FAST MODE - HIGH CONF],156.39,left
67,person,0.28,29.53,0,[FAST MODE - HIGH CONF],152.0,left
68,person,0.264,29.75,0,[FAST MODE - HIGH CONF],182.03,left
69,person,0.263,24.49,0,[FAST MODE - HIGH CONF],168.72,left
70,person,0.307,29.39,0,[FAST MODE - HIGH CONF],198.04,left
71,person,0.28,29.67,0,[FAST MODE - HIGH CONF],382.33,left
72,potted plant,0.255,28.9,0,[FAST MODE - HIGH CONF],176.55,left
73,person,0.322,29.68,0,[FAST MODE - HIGH CONF],148.25,left
74,person,0.3,26.94,0,[FAST MODE - HIGH CONF],157.72,left
75,person,0.268,29.14,0,[FAST MODE - HIGH CONF],163.65,left
76,person,0.261,27.33,0,[FAST MODE - HIGH CONF],164.87,left
77,person,0.257,29.41,0,[FAST MODE - HIGH CONF],224.16,left
78,potted plant,0.306,24.3,0,[FAST MODE - HIGH CONF],184.38,right
79,potted plant,0.357,23.94,0,[FAST MODE - HIGH CONF],211.59,right
80,person,0.253,29.48,0,[FAST MODE - HIGH CONF],205.59,left
81,person,0.295,28.28,0,[FAST MODE - HIGH CONF],186.23,left
82,person,0.269,28.89,0,[FAST MODE - HIGH CONF],236.98,left
83,clock,0.252,21.01,0,[FAST MODE - HIGH CONF],166.46,right
84,potted plant,0.34,23.65,0,[FAST MODE - HIGH CONF],166.9,right
85,potted plant,0.288,28.94,0,[FAST MODE - HIGH CONF],171.06,left
86,potted plant,0.29,29.01,0,[FAST MODE - HIGH CONF],150.77,left
87,potted plant,0.274,29.51,0,[FAST MODE - HIGH CONF],169.58,left
88,potted plant,0.252,29.84,0,[FAST MODE - HIGH CONF],148.71,left
89,person,0.272,27.4,0,[FAST MODE - HIGH CONF],161.33,left
90,person,0.27,27.82,0,[FAST MODE - HIGH CONF],190.47,left
91,person,0.406,28.42,0,[FAST MODE - HIGH CONF],143.4,left
92,person,0.444,29.36,0,[FAST MODE - HIGH CONF],164.81,left
93,potted plant,0.448,23.95,0,[FAST MODE - HIGH CONF],146.04,right
94,potted plant,0.413,24.34,0,[FAST MODE - HIGH CONF],144.66,right
95,person,0.314,29.02,0,[FAST MODE - HIGH CONF],160.28,left
96,person,0.263,26.99,0,[FAST MODE - HIGH CONF],176.4,left
97,person,0.328,28.27,0,[FAST MODE - HIGH CONF],725.22,left
98,person,0.385,28.57,0,[FAST MODE - HIGH CONF],564.12,left
99,potted plant,0.373,24.48,0,[FAST MODE - HIGH CONF],282.28,right
100,potted plant,0.373,23.87,0,[FAST MODE - HIGH CONF],281.72,right
101,potted plant,0.4,24.05,0,[FAST MODE - HIGH CONF],162.21,right
102,person,0.291,26.67,0,[FAST MODE - HIGH CONF],169.57,left
103,potted plant,0.252,29.03,0,[FAST MODE - HIGH CONF],228.09,left
104,potted plant,0.279,29.35,0,[FAST MODE - HIGH CONF],297.61,left
105,potted plant,0.267,29.62,0,[FAST MODE - HIGH CONF],205.65,left
106,person,0.267,29.92,0,[FAST MODE - HIGH CONF],280.16,left
107,potted plant,0.275,29.48,0,[FAST MODE - HIGH CONF],480.51,left
108,potted plant,0.251,29.49,0,[FAST MODE - HIGH CONF],557.74,left
109,potted plant,0.325,26.04,0,[FAST MODE - HIGH CONF],573.35,right
110,potted plant,0.26,29.95,0,[FAST MODE - HIGH CONF],584.46,left
111,potted plant,0.257,29.93,0,[FAST MODE - HIGH CONF],565.08,left
112,potted plant,0.265,30.52,0,[FAST MODE - HIGH CONF],637.78,left
113,bench,0.282,27.91,0,[FAST MODE - HIGH CONF],327.5,left
114,potted plant,0.273,28.27,0,[FAST MODE - HIGH CONF],258.13,left
115,potted plant,0.263,28.63,0,[FAST MODE - HIGH CONF],222.71,left
116,potted plant,0.254,28.47,0,[FAST MODE - HIGH CONF],215.93,left
117,potted plant,0.268,29.61,0,[FAST MODE - HIGH CONF],199.83,right
118,potted plant,0.257,30.3,0,[FAST MODE - HIGH CONF],318.41,left
119,person,0.259,28.87,0,[FAST MODE - HIGH CONF],331.16,left
120,person,0.251,30.09,0,[FAST MODE - HIGH CONF],256.76,left
121,person,0.251,31.52,0,[FAST MODE - HIGH CONF],343.97,left
122,potted plant,0.26,29.43,0,[FAST MODE - HIGH CONF],319.18,right
123,potted plant,0.262,26.36,0,[FAST MODE - HIGH CONF],248.47,right
124,potted plant,0.262,29.67,0,[FAST MODE - HIGH CONF],238.53,left
125,potted plant,0.258,29.47,0,[FAST MODE - HIGH CONF],400.51,left
126,potted plant,0.26,29.24,0,[FAST MODE - HIGH CONF],189.22,right
127,potted plant,0.253,29.13,0,[FAST MODE - HIGH CONF],177.83,right
128,bench,0.279,16.33,0,[FAST MODE - HIGH CONF],205.24,left
129,potted plant,0.258,29.34,0,[FAST MODE - HIGH CONF],158.27,right
130,potted plant,0.268,25.8,0,[FAST MODE - HIGH CONF],202.68,right
131,potted plant,0.267,26.24,0,[FAST MODE - HIGH CONF],214.86,right
132,potted plant,0.365,29.47,0,[FAST MODE - HIGH CONF],210.32,right
133,potted plant,0.253,26.24,0,[FAST MODE - HIGH CONF],170.51,right
134,person,0.259,28.3,0,[FAST MODE - HIGH CONF],198.56,left
135,potted plant,0.27,26.19,0,[FAST MODE - HIGH CONF],176.46,right
136,potted plant,0.291,26.42,0,[FAST MODE - HIGH CONF],200.13,right
137,potted plant,0.256,29.77,0,[FAST MODE - HIGH CONF],209.12,left
138,potted plant,0.262,26.34,0,[FAST MODE - HIGH CONF],212.51,right
139,potted plant,0.258,26.12,0,[FAST MODE - HIGH CONF],217.08,right
140,potted plant,0.251,26.51,0,[FAST MODE - HIGH CONF],172.79,right
141,potted plant,0.254,25.86,0,[FAST MODE - HIGH CONF],188.64,right
142,potted plant,0.254,29.93,0,[FAST MODE - HIGH CONF],192.37,left
143,potted plant,0.283,24.76,0,[FAST MODE - HIGH CONF],205.11,right
144,potted plant,0.255,25.24,0,[FAST MODE - HIGH CONF],218.61,right
145,potted plant,0.256,30.14,0,[FAST MODE - HIGH CONF],210.57,left
146,potted plant,0.269,29.46,0,[FAST MODE - HIGH CONF],206.83,left
147,person,0.265,30.25,0,[FAST MODE - HIGH CONF],189.36,left
148,person,0.26,29.94,0,[FAST MODE - HIGH CONF],193.66,left
149,person,0.254,30.15,0,[FAST MODE - HIGH CONF],194.25,left
150,potted plant,0.262,29.65,0,[FAST MODE - HIGH CONF],186.29,left
151,person,0.304,29.74,0,[FAST MODE - HIGH CONF],191.65,left
152,person,0.262,29.92,0,[FAST MODE - HIGH CONF],194.29,left
153,person,0.291,30.49,0,[FAST MODE - HIGH CONF],189.33,left
154,person,0.3,30.92,0,[FAST MODE - HIGH CONF],193.75,left
155,potted plant,0.337,28.62,0,[FAST MODE - HIGH CONF],226.18,right
156,potted plant,0.316,23.71,0,[FAST MODE - HIGH CONF],189.97,right
157,potted plant,0.255,28.84,0,[FAST MODE - HIGH CONF],170.73,left
158,person,0.261,30.09,0,[FAST MODE - HIGH CONF],179.93,left
159,potted plant,0.291,30.35,0,[FAST MODE - HIGH CONF],183.34,left
160,potted plant,0.271,30.24,0,[FAST MODE - HIGH CONF],174.78,left
161,potted plant,0.26,29.47,0,[FAST MODE - HIGH CONF],184.8,right
162,potted plant,0.277,24.43,0,[FAST MODE - HIGH CONF],194.46,right
163,potted plant,0.287,29.89,0,[FAST MODE - HIGH CONF],185.8,left
164,potted plant,0.252,24.2,0,[FAST MODE - HIGH CONF],165.53,right
165,person,0.344,29.83,0,[FAST MODE - HIGH CONF],150.27,left
166,bench,0.276,4.0,0,[FAST MODE - TOO CLOSE],171.16,left
167,person,0.36,30.58,0,[FAST MODE - HIGH CONF],134.41,left
168,potted plant,0.263,29.24,0,[FAST MODE - HIGH CONF],155.91,left
169,potted plant,0.253,23.93,0,[FAST MODE - HIGH CONF],163.03,right
170,potted plant,0.253,29.1,0,[FAST MODE - HIGH CONF],134.74,right
171,potted plant,0.266,29.29,0,[FAST MODE - HIGH CONF],145.03,right
172,potted plant,0.281,29.18,0,[FAST MODE - HIGH CONF],151.25,right
173,chair,0.275,19.15,0,[FAST MODE - HIGH CONF],134.68,left
174,potted plant,0.266,7.34,0,[FAST MODE - TOO CLOSE],126.46,left
175,chair,0.299,16.72,0,[FAST MODE - HIGH CONF],158.89,left
176,potted plant,0.327,29.1,0,[FAST MODE - HIGH CONF],143.66,left
177,potted plant,0.329,29.22,0,[FAST MODE - HIGH CONF],141.88,left
178,potted plant,0.269,11.54,0,[FAST MODE - HIGH CONF],133.19,left
179,person,0.28,29.37,0,[FAST MODE - HIGH CONF],142.28,left
180,person,0.287,29.33,0,[FAST MODE - HIGH CONF],150.06,left
181,chair,0.362,24.46,0,[FAST MODE - HIGH CONF],152.77,left
182,person,0.323,28.89,0,[FAST MODE - HIGH CONF],158.41,left
183,potted plant,0.274,24.15,0,[FAST MODE - HIGH CONF],150.6,right
184,potted plant,0.273,24.87,0,[FAST MODE - HIGH CONF],160.5,right
185,potted plant,0.274,28.92,0,[FAST MODE - HIGH CONF],150.59,left
186,person,0.264,29.81,0,[FAST MODE - HIGH CONF],130.11,left
187,potted plant,0.254,24.19,0,[FAST MODE - HIGH CONF],168.48,right
188,potted plant,0.275,27.73,0,[FAST MODE - HIGH CONF],150.73,right
189,potted plant,0.267,28.34,0,[FAST MODE - HIGH CONF],126.27,right
190,potted plant,0.263,28.52,0,[FAST MODE - HIGH CONF],158.09,right
191,potted plant,0.278,23.52,0,[FAST MODE - HIGH CONF],147.15,right
192,potted plant,0.257,27.51,0,[FAST MODE - HIGH CONF],142.54,right
193,person,0.287,27.17,0,[FAST MODE - HIGH CONF],140.67,left
194,person,0.285,27.37,0,[FAST MODE - HIGH CONF],136.27,left
195,person,0.262,28.55,0,[FAST MODE - HIGH CONF],142.27,left
196,person,0.264,28.16,0,[FAST MODE - HIGH CONF],141.04,left
197,person,0.257,28.4,0,[FAST MODE - HIGH CONF],117.71,left
198,person,0.268,27.52,0,[FAST MODE - HIGH CONF],125.11,left
199,potted plant,0.269,28.21,0,[FAST MODE - HIGH CONF],141.31,left
200,person,0.315,28.49,0,[FAST MODE - HIGH CONF],156.87,left
201,person,0.266,27.75,0,[FAST MODE - HIGH CONF],145.92,left
202,person,0.264,26.16,0,[FAST MODE - HIGH CONF],126.63,left
203,person,0.272,29.17,0,[FAST MODE - HIGH CONF],161.31,left
204,person,0.251,29.13,0,[FAST MODE - HIGH CONF],126.91,left
205,person,0.261,26.71,0,[FAST MODE - HIGH CONF],155.23,left
206,chair,0.282,25.23,0,[FAST MODE - HIGH CONF],157.69,left
207,person,0.273,26.74,0,[FAST MODE - HIGH CONF],157.14,left
208,person,0.267,28.12,0,[FAST MODE - HIGH CONF],132.22,left
209,person,0.259,25.76,0,[FAST MODE - HIGH CONF],125.04,left
210,person,0.25,25.41,0,[FAST MODE - HIGH CONF],148.63,left
211,person,0.294,27.84,0,[FAST MODE - HIGH CONF],157.86,left
212,person,0.269,28.32,0,[FAST MODE - HIGH CONF],117.45,left
213,person,0.256,26.18,0,[FAST MODE - HIGH CONF],135.4,left
214,person,0.275,28.25,0,[FAST MODE - HIGH CONF],154.75,left
215,person,0.292,26.09,0,[FAST MODE - HIGH CONF],136.31,left
216,person,0.267,25.17,0,[FAST MODE - HIGH CONF],117.48,left
217,person,0.251,26.22,0,[FAST MODE - HIGH CONF],140.14,left
218,bench,0.306,23.22,0,[FAST MODE - HIGH CONF],125.7,left
219,person,0.313,26.9,0,[FAST MODE - HIGH CONF],145.67,left
220,bench,0.259,24.99,0,[FAST MODE - HIGH CONF],142.67,left
221,bench,0.263,26.13,0,[FAST MODE - HIGH CONF],123.31,left
222,person,0.251,28.9,0,[FAST MODE - HIGH CONF],143.82,left
223,person,0.251,27.83,0,[FAST MODE - HIGH CONF],165.05,left
224,chair,0.251,23.52,0,[FAST MODE - HIGH CONF],137.26,left
225,person,0.277,25.81,0,[FAST MODE - HIGH CONF],134.34,left
226,person,0.253,25.51,0,[FAST MODE - HIGH CONF],128.67,left
227,person,0.274,28.04,0,[FAST MODE - HIGH CONF],159.78,left
228,person,0.287,24.99,0,[FAST MODE - HIGH CONF],139.62,left
229,person,0.265,26.01,0,[FAST MODE - HIGH CONF],136.29,left
230,person,0.266,24.91,0,[FAST MODE - HIGH CONF],174.27,left
231,chair,0.275,22.94,0,[FAST MODE - HIGH CONF],147.78,left
232,person,0.276,24.68,0,[FAST MODE - HIGH CONF],126.41,left
233,potted plant,0.25,21.67,0,[FAST MODE - HIGH CONF],166.99,left
234,chair,0.267,22.36,0,[FAST MODE - HIGH CONF],161.1,left
235,potted plant,0.268,20.68,0,[FAST MODE - HIGH CONF],187.31,left
236,bench,0.256,22.22,0,[FAST MODE - HIGH CONF],156.36,left
237,person,0.256,23.13,0,[FAST MODE - HIGH CONF],151.62,left
238,person,0.251,23.23,0,[FAST MODE - HIGH CONF],169.73,left
239,person,0.266,23.07,0,[FAST MODE - HIGH CONF],138.09,left
240,person,0.25,21.68,0,[FAST MODE - HIGH CONF],159.81,left
241,person,0.289,21.59,0,[FAST MODE - HIGH CONF],153.03,left
242,person,0.25,26.69,0,[FAST MODE - HIGH CONF],152.95,left
243,person,0.26,23.74,0,[FAST MODE - HIGH CONF],153.77,left
244,person,0.267,23.28,0,[FAST MODE - HIGH CONF],183.92,left
245,chair,0.264,21.6,0,[FAST MODE - HIGH CONF],163.46,left
246,chair,0.271,22.37,0,[FAST MODE - HIGH CONF],165.73,left
247,chair,0.252,22.31,0,[FAST MODE - HIGH CONF],212.52,left
248,person,0.312,24.85,0,[FAST MODE - HIGH CONF],159.81,left
249,potted plant,0.256,24.16,0,[FAST MODE - HIGH CONF],168.82,right
250,person,0.254,22.1,0,[FAST MODE - HIGH CONF],193.23,left
251,potted plant,0.272,23.46,0,[FAST MODE - HIGH CONF],208.91,right
252,potted plant,0.274,18.57,0,[FAST MODE - HIGH CONF],188.66,left
253,person,0.257,23.35,0,[FAST MODE - HIGH CONF],175.3,left
254,chair,0.263,20.82,0,[FAST MODE - HIGH CONF],163.95,left
255,chair,0.265,21.26,0,[FAST MODE - HIGH CONF],164.21,left
256,chair,0.284,21.91,0,[FAST MODE - HIGH CONF],159.36,left
257,potted plant,0.259,19.63,0,[FAST MODE - HIGH CONF],167.3,right
258,person,0.279,23.69,0,[FAST MODE - HIGH CONF],171.03,left
259,bench,0.353,20.74,0,[FAST MODE - HIGH CONF],152.06,left
260,chair,0.269,21.07,0,[FAST MODE - HIGH CONF],161.03,left
261,bench,0.284,20.7,0,[FAST MODE - HIGH CONF],204.14,left
262,bench,0.261,21.3,0,[FAST MODE - HIGH CONF],199.31,left
263,potted plant,0.25,17.77,0,[FAST MODE - HIGH CONF],156.1,right
264,person,0.267,21.4,0,[FAST MODE - HIGH CONF],156.61,left
265,chair,0.279,20.17,0,[FAST MODE - HIGH CONF],159.37,left
266,person,0.258,25.57,0,[FAST MODE - HIGH CONF],153.85,left
267,person,0.262,25.16,0,[FAST MODE - HIGH CONF],185.31,left
268,chair,0.257,19.52,0,[FAST MODE - HIGH CONF],172.09,left
269,person,0.263,25.48,0,[FAST MODE - HIGH CONF],174.77,left
270,person,0.316,24.94,0,[FAST MODE - HIGH CONF],185.38,left
271,chair,0.364,21.78,0,[FAST MODE - HIGH CONF],154.26,left
272,person,0.255,25.02,0,[FAST MODE - HIGH CONF],143.54,left
273,person,0.289,24.15,0,[FAST MODE - HIGH CONF],150.16,left
274,person,0.26,21.72,0,[FAST MODE - HIGH CONF],119.61,left
275,person,0.256,24.47,0,[FAST MODE - HIGH CONF],144.77,left
276,potted plant,0.268,20.04,0,[FAST MODE - HIGH CONF],159.3,right
277,person,0.319,24.46,0,[FAST MODE - HIGH CONF],149.81,left
278,chair,0.308,20.83,0,[FAST MODE - HIGH CONF],124.77,left
279,bench,0.287,20.72,0,[FAST MODE - HIGH CONF],127.23,left
280,bench,0.271,19.99,0,[FAST MODE - HIGH CONF],153.23,left
281,person,0.317,23.17,0,[FAST MODE - HIGH CONF],163.77,left
282,potted plant,0.335,20.58,0,[FAST MODE - HIGH CONF],194.93,right
283,chair,0.325,22.49,0,[FAST MODE - HIGH CONF],209.45,left
284,chair,0.314,22.12,0,[FAST MODE - HIGH CONF],171.66,left
285,bench,0.291,21.46,0,[FAST MODE - HIGH CONF],164.51,left
286,bench,0.286,19.91,0,[FAST MODE - HIGH CONF],174.38,left
287,person,0.325,25.05,0,[FAST MODE - HIGH CONF],165.63,left
288,person,0.282,25.2,0,[FAST MODE - HIGH CONF],156.03,left
289,potted plant,0.27,17.04,0,[FAST MODE - HIGH CONF],173.18,right
290,potted plant,0.255,18.25,0,[FAST MODE - HIGH CONF],166.2,right
291,person,0.251,25.08,0,[FAST MODE - HIGH CONF],219.49,left
292,person,0.252,28.3,0,[FAST MODE - HIGH CONF],226.24,left
293,person,0.254,25.72,0,[FAST MODE - HIGH CONF],182.73,left
294,potted plant,0.283,24.01,0,[FAST MODE - HIGH CONF],176.65,right
295,potted plant,0.278,22.57,0,[FAST MODE - HIGH CONF],212.18,right
296,chair,0.252,20.76,0,[FAST MODE - HIGH CONF],183.46,left
297,bench,0.251,22.39,0,[FAST MODE - HIGH CONF],230.73,left
298,chair,0.27,21.29,0,[FAST MODE - HIGH CONF],278.74,left
299,potted plant,0.285,23.6,0,[FAST MODE - HIGH CONF],219.39,right
300,potted plant,0.253,18.43,0,[FAST MODE - HIGH CONF],183.03,right
301,potted plant,0.262,21.84,0,[FAST MODE - HIGH CONF],205.21,right
302,bench,0.268,10.89,0,[FAST MODE - HIGH CONF],215.55,left
303,bench,0.251,8.73,0,[FAST MODE - TOO CLOSE],182.86,left
304,person,0.295,23.97,0,[FAST MODE - HIGH CONF],156.77,left
305,bench,0.258,20.4,0,[FAST MODE - HIGH CONF],172.85,left
306,bench,0.272,21.62,0,[FAST MODE - HIGH CONF],200.63,left
307,person,0.258,24.82,0,[FAST MODE - HIGH CONF],171.59,left
308,chair,0.267,20.42,0,[FAST MODE - HIGH CONF],204.06,left
309,person,0.267,25.14,0,[FAST MODE - HIGH CONF],189.53,left
310,person,0.295,26.68,0,[FAST MODE - HIGH CONF],152.79,left
311,person,0.267,27.44,0,[FAST MODE - HIGH CONF],169.03,left
312,potted plant,0.326,9.89,0,[FAST MODE - TOO CLOSE],193.97,left
313,person,0.308,23.14,0,[FAST MODE - HIGH CONF],195.24,left
314,person,0.258,26.66,0,[FAST MODE - HIGH CONF],211.19,left
315,potted plant,0.29,20.47,0,[FAST MODE - HIGH CONF],160.99,right
316,potted plant,0.268,19.21,0,[FAST MODE - HIGH CONF],192.54,right
317,potted plant,0.255,21.82,0,[FAST MODE - HIGH CONF],222.21,right
318,potted plant,0.26,20.86,0,[FAST MODE - HIGH CONF],186.8,right
319,person,0.271,25.72,0,[FAST MODE - HIGH CONF],186.39,left
320,chair,0.265,20.98,0,[FAST MODE - HIGH CONF],189.36,left
321,person,0.253,24.61,0,[FAST MODE - HIGH CONF],209.43,left
322,person,0.29,20.88,0,[FAST MODE - HIGH CONF],220.24,left
323,person,0.269,21.11,0,[FAST MODE - HIGH CONF],218.3,left
324,person,0.276,21.65,0,[FAST MODE - HIGH CONF],174.76,left
325,chair,0.367,20.36,0,[FAST MODE - HIGH CONF],174.95,left
326,person,0.393,25.75,0,[FAST MODE - HIGH CONF],154.09,left
327,person,0.268,25.26,0,[FAST MODE - HIGH CONF],153.75,left
328,person,0.288,23.87,0,[FAST MODE - HIGH CONF],174.72,left
329,person,0.376,26.74,0,[FAST MODE - HIGH CONF],163.29,left
330,person,0.336,24.82,0,[FAST MODE - HIGH CONF],172.58,left
331,person,0.263,25.53,0,[FAST MODE - HIGH CONF],175.58,left
332,person,0.295,23.95,0,[FAST MODE - HIGH CONF],165.01,left
333,person,0.255,25.26,0,[FAST MODE - HIGH CONF],170.34,left
334,person,0.259,24.66,0,[FAST MODE - HIGH CONF],177.66,left
335,person,0.253,23.98,0,[FAST MODE - HIGH CONF],190.78,left
336,person,0.261,24.29,0,[FAST MODE - HIGH CONF],248.72,left
337,chair,0.257,20.24,0,[FAST MODE - HIGH CONF],201.14,left
338,person,0.28,24.67,0,[FAST MODE - HIGH CONF],166.89,left
339,person,0.287,24.49,0,[FAST MODE - HIGH CONF],191.14,left
340,person,0.268,24.73,0,[FAST MODE - HIGH CONF],188.99,left
341,chair,0.274,20.23,0,[FAST MODE - HIGH CONF],213.01,left
342,person,0.25,25.07,0,[FAST MODE - HIGH CONF],175.58,left
343,person,0.259,21.55,0,[FAST MODE - HIGH CONF],146.71,left
344,person,0.274,20.62,0,[FAST MODE - HIGH CONF],139.52,left
345,chair,0.277,19.8,0,[FAST MODE - HIGH CONF],163.56,left
346,person,0.292,24.6,0,[FAST MODE - HIGH CONF],185.06,left
347,person,0.282,23.71,0,[FAST MODE - HIGH CONF],179.69,left
348,person,0.292,25.14,0,[FAST MODE - HIGH CONF],177.73,left
349,chair,0.297,19.2,0,[FAST MODE - HIGH CONF],169.09,left
350,person,0.282,25.39,0,[FAST MODE - HIGH CONF],181.28,left
351,chair,0.278,21.09,0,[FAST MODE - HIGH CONF],146.95,left
352,person,0.29,26.26,0,[FAST MODE - HIGH CONF],127.85,left
353,person,0.252,25.9,0,[FAST MODE - HIGH CONF],130.6,left
354,person,0.339,25.3,0,[FAST MODE - HIGH CONF],159.84,left
355,person,0.291,26.18,0,[FAST MODE - HIGH CONF],171.65,left
356,person,0.279,25.98,0,[FAST MODE - HIGH CONF],162.87,left
357,person,0.254,27.02,0,[FAST MODE - HIGH CONF],149.74,left
358,person,0.316,25.13,0,[FAST MODE - HIGH CONF],135.0,left
359,person,0.274,25.52,0,[FAST MODE - HIGH CONF],148.91,left
360,chair,0.312,20.81,0,[FAST MODE - HIGH CONF],144.54,left
361,chair,0.278,20.73,0,[FAST MODE - HIGH CONF],165.21,left
362,person,0.295,24.97,0,[FAST MODE - HIGH CONF],166.73,left
363,person,0.328,24.94,0,[FAST MODE - HIGH CONF],196.88,left
364,person,0.267,26.82,0,[FAST MODE - HIGH CONF],176.74,left
365,person,0.256,26.57,0,[FAST MODE - HIGH CONF],169.74,left
366,chair,0.272,19.98,0,[FAST MODE - HIGH CONF],165.28,left
367,person,0.266,24.98,0,[FAST MODE - HIGH CONF],161.65,left
368,person,0.253,26.4,0,[FAST MODE - HIGH CONF],173.7,left
369,person,0.266,25.57,0,[FAST MODE - HIGH CONF],164.54,left
370,person,0.273,24.76,0,[FAST MODE - HIGH CONF],173.35,left
371,person,0.28,25.48,0,[FAST MODE - HIGH CONF],164.78,left
372,person,0.265,26.28,0,[FAST MODE - HIGH CONF],160.16,left
373,person,0.299,25.71,0,[FAST MODE - HIGH CONF],159.99,left
374,person,0.265,26.27,0,[FAST MODE - HIGH CONF],175.21,left
375,person,0.258,24.83,0,[FAST MODE - HIGH CONF],172.46,left
376,person,0.303,26.42,0,[FAST MODE - HIGH CONF],162.64,left
377,person,0.268,27.66,0,[FAST MODE - HIGH CONF],164.95,left
378,bench,0.258,21.45,0,[FAST MODE - HIGH CONF],166.69,left
379,person,0.342,27.57,0,[FAST MODE - HIGH CONF],164.89,left
380,person,0.321,26.16,0,[FAST MODE - HIGH CONF],161.34,left
381,person,0.328,26.14,0,[FAST MODE - HIGH CONF],170.43,left
382,person,0.255,25.82,0,[FAST MODE - HIGH CONF],170.39,left
383,person,0.297,26.73,0,[FAST MODE - HIGH CONF],169.22,left
384,person,0.26,25.88,0,[FAST MODE - HIGH CONF],161.38,left
385,person,0.29,23.51,0,[FAST MODE - HIGH CONF],162.3,left
386,person,0.26,24.3,0,[FAST MODE - HIGH CONF],174.55,left
387,person,0.277,25.94,0,[FAST MODE - HIGH CONF],166.73,left
388,person,0.356,24.77,0,[FAST MODE - HIGH CONF],170.52,left
389,person,0.276,26.09,0,[FAST MODE - HIGH CONF],166.25,left
390,chair,0.26,19.28,0,[FAST MODE - HIGH CONF],147.77,left
391,person,0.261,25.26,0,[FAST MODE - HIGH CONF],162.11,left
392,person,0.304,25.41,0,[FAST MODE - HIGH CONF],168.39,left
393,chair,0.257,18.94,0,[FAST MODE - HIGH CONF],170.74,left
394,person,0.262,25.16,0,[FAST MODE - HIGH CONF],179.89,left
395,potted plant,0.293,9.31,0,[FAST MODE - TOO CLOSE],172.33,left
396,potted plant,0.31,9.55,0,[FAST MODE - TOO CLOSE],176.23,left
397,person,0.337,23.82,0,[FAST MODE - HIGH CONF],176.84,left
398,person,0.275,25.38,0,[FAST MODE - HIGH CONF],166.25,left
399,chair,0.257,18.76,0,[FAST MODE - HIGH CONF],172.0,left
400,person,0.332,24.45,0,[FAST MODE - HIGH CONF],166.02,left
401,person,0.257,23.88,0,[FAST MODE - HIGH CONF],173.31,left
402,person,0.287,26.2,0,[FAST MODE - HIGH CONF],171.9,left
403,chair,0.273,19.38,0,[FAST MODE - HIGH CONF],168.26,left
404,bench,0.263,6.38,0,[FAST MODE - TOO CLOSE],169.63,left
405,person,0.29,25.64,0,[FAST MODE - HIGH CONF],172.59,left
406,potted plant,0.385,6.77,0,[FAST MODE - TOO CLOSE],200.56,left
407,person,0.255,26.0,0,[FAST MODE - HIGH CONF],163.96,left
408,chair,0.261,21.78,0,[FAST MODE - HIGH CONF],203.1,left
409,person,0.294,25.1,0,[FAST MODE - HIGH CONF],206.73,left
410,chair,0.311,20.8,0,[FAST MODE - HIGH CONF],170.33,left
411,chair,0.286,21.93,0,[FAST MODE - HIGH CONF],198.09,left
412,chair,0.255,19.11,0,[FAST MODE - HIGH CONF],171.8,left
413,person,0.252,24.1,0,[FAST MODE - HIGH CONF],173.0,left
414,bench,0.252,25.71,0,[FAST MODE - HIGH CONF],175.04,left
415,bench,0.273,25.74,0,[FAST MODE - HIGH CONF],159.91,left
416,bench,0.251,22.04,0,[FAST MODE - HIGH CONF],155.71,left
417,person,0.335,26.38,0,[FAST MODE - HIGH CONF],169.4,left
418,person,0.257,24.47,0,[FAST MODE - HIGH CONF],183.5,left
419,person,0.257,25.55,0,[FAST MODE - HIGH CONF],167.7,left
420,person,0.257,26.04,0,[FAST MODE - HIGH CONF],169.34,left
421,person,0.273,25.61,0,[FAST MODE - HIGH CONF],150.0,left
422,person,0.286,26.58,0,[FAST MODE - HIGH CONF],148.35,left
423,person,0.279,27.6,0,[FAST MODE - HIGH CONF],178.19,left
424,potted plant,0.255,4.58,0,[FAST MODE - TOO CLOSE],186.75,right
425,person,0.298,26.13,0,[FAST MODE - HIGH CONF],187.74,left
426,person,0.292,25.76,0,[FAST MODE - HIGH CONF],180.26,left
427,chair,0.259,20.14,0,[FAST MODE - HIGH CONF],175.95,left
428,person,0.253,24.98,0,[FAST MODE - HIGH CONF],148.29,left
429,person,0.27,25.55,0,[FAST MODE - HIGH CONF],156.04,left
430,person,0.259,25.0,0,[FAST MODE - HIGH CONF],185.02,left
431,person,0.251,25.64,0,[FAST MODE - HIGH CONF],188.36,left
432,person,0.345,24.52,0,[FAST MODE - HIGH CONF],168.18,left
433,person,0.258,26.13,0,[FAST MODE - HIGH CONF],187.19,left
434,person,0.253,27.37,0,[FAST MODE - HIGH CONF],239.26,left
435,person,0.287,26.3,0,[FAST MODE - HIGH CONF],195.65,left
436,chair,0.255,20.08,0,[FAST MODE - HIGH CONF],195.85,left
437,person,0.255,26.08,0,[FAST MODE - HIGH CONF],186.06,left
438,potted plant,0.333,5.36,0,[FAST MODE - TOO CLOSE],230.97,right
439,potted plant,0.256,6.66,0,[FAST MODE - TOO CLOSE],243.07,right
440,chair,0.262,20.8,0,[FAST MODE - HIGH CONF],188.26,left
441,person,0.32,24.98,0,[FAST MODE - HIGH CONF],183.18,left
442,person,0.259,25.26,0,[FAST MODE - HIGH CONF],168.42,left
443,person,0.3,24.94,0,[FAST MODE - HIGH CONF],190.35,left
444,person,0.25,27.24,0,[FAST MODE - HIGH CONF],180.52,left
445,person,0.253,26.88,0,[FAST MODE - HIGH CONF],191.23,left
446,person,0.262,27.08,0,[FAST MODE - HIGH CONF],158.69,left
447,potted plant,0.279,15.24,0,[FAST MODE - HIGH CONF],155.49,right
448,potted plant,0.263,18.35,0,[FAST MODE - HIGH CONF],176.72,right
449,person,0.258,24.65,0,[FAST MODE - HIGH CONF],183.12,left
450,person,0.298,26.29,0,[FAST MODE - HIGH CONF],148.3,left
451,person,0.334,27.16,0,[FAST MODE - HIGH CONF],144.79,left
452,potted plant,0.297,10.5,0,[FAST MODE - HIGH CONF],172.37,right
453,person,0.279,23.26,0,[FAST MODE - HIGH CONF],146.22,left
454,person,0.251,27.24,0,[FAST MODE - HIGH CONF],174.5,left
455,person,0.265,28.37,0,[FAST MODE - HIGH CONF],161.26,left
456,person,0.288,27.39,0,[FAST MODE - HIGH CONF],145.17,left
457,bench,0.265,23.67,0,[FAST MODE - HIGH CONF],151.2,left
458,person,0.272,26.76,0,[FAST MODE - HIGH CONF],176.45,left
459,person,0.261,28.71,0,[FAST MODE - HIGH CONF],146.01,left
460,person,0.261,27.45,0,[FAST MODE - HIGH CONF],170.62,left
461,chair,0.286,22.66,0,[FAST MODE - HIGH CONF],169.01,left
462,person,0.264,26.03,0,[FAST MODE - HIGH CONF],173.43,left
463,person,0.269,26.82,0,[FAST MODE - HIGH CONF],166.28,left
464,person,0.279,26.19,0,[FAST MODE - HIGH CONF],184.47,left
465,chair,0.277,20.01,0,[FAST MODE - HIGH CONF],161.9,left
466,chair,0.255,21.64,0,[FAST MODE - HIGH CONF],176.92,left
467,bench,0.259,22.5,0,[FAST MODE - HIGH CONF],170.04,left
468,person,0.251,27.86,0,[FAST MODE - HIGH CONF],185.29,left
469,bench,0.254,21.95,0,[FAST MODE - HIGH CONF],200.45,left
470,person,0.275,28.11,0,[FAST MODE - HIGH CONF],178.75,left
471,person,0.259,27.06,0,[FAST MODE - HIGH CONF],182.65,left
472,person,0.27,29.0,0,[FAST MODE - HIGH CONF],188.16,left
473,person,0.287,29.24,0,[FAST MODE - HIGH CONF],190.39,left
474,person,0.25,25.79,0,[FAST MODE - HIGH CONF],190.05,left
475,person,0.264,26.62,0,[FAST MODE - HIGH CONF],183.76,left
476,person,0.282,29.15,0,[FAST MODE - HIGH CONF],183.98,left
477,person,0.323,27.63,0,[FAST MODE - HIGH CONF],165.75,left
478,person,0.361,27.04,0,[FAST MODE - HIGH CONF],153.08,left
479,person,0.284,27.3,0,[FAST MODE - HIGH CONF],172.91,left
480,person,0.257,26.13,0,[FAST MODE - HIGH CONF],186.72,left
481,person,0.261,25.98,0,[FAST MODE - HIGH CONF],179.87,left
482,person,0.256,26.65,0,[FAST MODE - HIGH CONF],127.85,left
483,potted plant,0.304,5.02,0,[FAST MODE - TOO CLOSE],149.44,right
484,person,0.257,28.46,0,[FAST MODE - HIGH CONF],206.19,left
485,person,0.291,27.93,0,[FAST MODE - HIGH CONF],182.84,left
486,potted plant,0.252,18.57,0,[FAST MODE - HIGH CONF],186.18,right
487,person,0.27,28.28,0,[FAST MODE - HIGH CONF],178.11,left
488,potted plant,0.274,4.67,0,[FAST MODE - TOO CLOSE],169.5,right
489,chair,0.307,22.07,0,[FAST MODE - HIGH CONF],180.94,left
490,chair,0.326,22.85,0,[FAST MODE - HIGH CONF],183.97,left
491,chair,0.277,23.41,0,[FAST MODE - HIGH CONF],149.35,left
492,person,0.267,26.42,0,[FAST MODE - HIGH CONF],157.81,left
493,person,0.288,27.98,0,[FAST MODE - HIGH CONF],173.83,left
494,person,0.256,27.04,0,[FAST MODE - HIGH CONF],187.41,left
495,potted plant,0.324,4.43,0,[FAST MODE - TOO CLOSE],158.8,right
496,potted plant,0.327,14.99,0,[FAST MODE - HIGH CONF],178.59,right
497,potted plant,0.251,15.04,0,[FAST MODE - HIGH CONF],202.54,right
498,person,0.253,28.1,0,[FAST MODE - HIGH CONF],164.38,left
499,potted plant,0.262,13.54,0,[FAST MODE - HIGH CONF],195.92,right
500,person,0.376,26.11,0,[FAST MODE - HIGH CONF],176.82,left
501,person,0.304,24.0,0,[FAST MODE - HIGH CONF],177.17,left
502,person,0.266,23.22,0,[FAST MODE - HIGH CONF],185.53,left
503,person,0.316,28.72,0,[FAST MODE - HIGH CONF],170.37,left
504,person,0.267,27.94,0,[FAST MODE - HIGH CONF],142.88,left
505,potted plant,0.256,9.93,0,[FAST MODE - TOO CLOSE],173.51,right
506,bench,0.274,27.69,0,[FAST MODE - HIGH CONF],229.22,left
507,potted plant,0.274,20.43,0,[FAST MODE - HIGH CONF],187.34,right
508,person,0.267,28.05,0,[FAST MODE - HIGH CONF],203.52,left
509,chair,0.332,21.48,0,[FAST MODE - HIGH CONF],247.31,left
510,chair,0.263,22.09,0,[FAST MODE - HIGH CONF],204.08,left
511,chair,0.31,23.03,0,[FAST MODE - HIGH CONF],172.01,left
512,person,0.251,23.29,0,[FAST MODE - HIGH CONF],175.03,left
513,person,0.266,29.0,0,[FAST MODE - HIGH CONF],199.14,left
514,person,0.268,26.97,0,[FAST MODE - HIGH CONF],194.49,left
515,person,0.315,22.83,0,[FAST MODE - HIGH CONF],178.99,left
516,person,0.296,21.36,0,[FAST MODE - HIGH CONF],177.24,left
517,person,0.253,28.8,0,[FAST MODE - HIGH CONF],176.71,left
518,dining table,0.259,21.88,0,[FAST MODE - HIGH CONF],200.71,left
519,person,0.291,27.47,0,[FAST MODE - HIGH CONF],163.03,left
520,person,0.259,27.97,0,[FAST MODE - HIGH CONF],182.81,left
521,chair,0.253,20.56,0,[FAST MODE - HIGH CONF],209.2,left
522,person,0.269,28.57,0,[FAST MODE - HIGH CONF],202.01,left
523,person,0.345,23.97,0,[FAST MODE - HIGH CONF],173.71,left
524,person,0.28,22.85,0,[FAST MODE - HIGH CONF],151.93,left
525,person,0.284,21.36,0,[FAST MODE - HIGH CONF],170.58,left
526,person,0.271,21.48,0,[FAST MODE - HIGH CONF],175.08,left
527,person,0.256,28.54,0,[FAST MODE - HIGH CONF],164.39,left
528,person,0.267,27.21,0,[FAST MODE - HIGH CONF],148.32,left
529,bench,0.289,22.0,0,[FAST MODE - HIGH CONF],156.73,left
530,person,0.253,18.71,0,[FAST MODE - HIGH CONF],158.5,left
531,person,0.339,22.45,0,[FAST MODE - HIGH CONF],162.28,left
532,chair,0.298,22.82,0,[FAST MODE - HIGH CONF],156.37,left
533,chair,0.258,23.01,0,[FAST MODE - HIGH CONF],152.44,left
534,bench,0.286,23.85,0,[FAST MODE - HIGH CONF],161.33,left
535,person,0.294,27.7,0,[FAST MODE - HIGH CONF],149.89,left
536,bench,0.262,25.47,0,[FAST MODE - HIGH CONF],166.34,left
537,person,0.263,26.86,0,[FAST MODE - HIGH CONF],184.72,left
538,bench,0.303,21.83,0,[FAST MODE - HIGH CONF],221.62,left
539,bench,0.263,22.43,0,[FAST MODE - HIGH CONF],124.23,left
540,bench,0.256,17.19,0,[FAST MODE - HIGH CONF],128.61,left
541,bench,0.251,18.84,0,[FAST MODE - HIGH CONF],128.41,left
542,bench,0.257,16.28,0,[FAST MODE - HIGH CONF],122.29,left
543,person,0.302,25.82,0,[FAST MODE - HIGH CONF],118.68,right
544,person,0.257,24.64,0,[FAST MODE - HIGH CONF],121.85,right
545,person,0.28,24.75,0,[FAST MODE - HIGH CONF],141.17,left
546,person,0.258,23.99,0,[FAST MODE - HIGH CONF],161.0,left
547,person,0.252,23.76,0,[FAST MODE - HIGH CONF],169.0,right
548,person,0.268,22.41,0,[FAST MODE - HIGH CONF],188.66,left
549,person,0.313,22.79,0,[FAST MODE - HIGH CONF],153.48,left
550,person,0.27,26.22,0,[FAST MODE - HIGH CONF],165.51,left
551,person,0.252,26.5,0,[FAST MODE - HIGH CONF],185.09,left
552,person,0.28,25.86,0,[FAST MODE - HIGH CONF],166.71,left
553,person,0.317,24.32,0,[FAST MODE - HIGH CONF],149.39,right
554,bench,0.251,13.8,0,[FAST MODE - HIGH CONF],148.27,left
555,person,0.259,24.8,0,[FAST MODE - HIGH CONF],143.29,right
556,person,0.272,25.07,0,[FAST MODE - HIGH CONF],134.63,left
557,person,0.254,21.48,0,[FAST MODE - HIGH CONF],159.37,left
558,chair,0.259,13.85,0,[FAST MODE - HIGH CONF],136.97,left
559,chair,0.254,14.23,0,[FAST MODE - HIGH CONF],152.23,left
560,person,0.251,24.24,0,[FAST MODE - HIGH CONF],170.41,left
561,bench,0.251,23.76,0,[FAST MODE - HIGH CONF],152.27,right
562,person,0.282,17.88,0,[FAST MODE - HIGH CONF],172.96,left
563,person,0.264,24.28,0,[FAST MODE - HIGH CONF],182.07,right
564,bench,0.264,15.26,0,[FAST MODE - HIGH CONF],153.16,left
565,person,0.346,28.46,0,[FAST MODE - HIGH CONF],154.69,left
566,person,0.272,28.2,0,[FAST MODE - HIGH CONF],142.8,left
567,person,0.301,25.89,0,[FAST MODE - HIGH CONF],150.91,left
568,person,0.269,25.67,0,[FAST MODE - HIGH CONF],160.48,left
569,bench,0.254,26.96,0,[FAST MODE - HIGH CONF],147.19,left
570,bench,0.279,27.46,0,[FAST MODE - HIGH CONF],162.28,left
571,chair,0.276,14.76,0,[FAST MODE - HIGH CONF],158.0,left
572,chair,0.297,13.87,0,[FAST MODE - HIGH CONF],134.31,left
573,chair,0.264,14.02,0,[FAST MODE - HIGH CONF],130.19,left
574,bench,0.278,14.53,0,[FAST MODE - HIGH CONF],179.31,left
575,bench,0.279,14.54,0,[FAST MODE - HIGH CONF],169.53,left
576,person,0.29,26.64,0,[FAST MODE - HIGH CONF],139.23,left
577,person,0.292,28.05,0,[FAST MODE - HIGH CONF],177.89,left
578,person,0.346,14.55,0,[FAST MODE - HIGH CONF],185.1,left
579,chair,0.267,13.05,0,[FAST MODE - HIGH CONF],190.6,left
580,person,0.254,26.4,0,[FAST MODE - HIGH CONF],183.97,right
581,person,0.25,29.69,0,[FAST MODE - HIGH CONF],178.9,left
582,dining table,0.257,13.79,0,[FAST MODE - HIGH CONF],192.48,left
583,bench,0.277,14.97,0,[FAST MODE - HIGH CONF],178.85,left
584,person,0.268,28.46,0,[FAST MODE - HIGH CONF],187.26,left
585,person,0.26,26.44,0,[FAST MODE - HIGH CONF],184.57,right
586,person,0.34,25.39,0,[FAST MODE - HIGH CONF],172.39,right
587,person,0.299,28.45,0,[FAST MODE - HIGH CONF],182.58,left
588,person,0.299,23.83,0,[FAST MODE - HIGH CONF],174.6,right
589,person,0.265,28.41,0,[FAST MODE - HIGH CONF],162.96,left
590,person,0.343,24.54,0,[FAST MODE - HIGH CONF],154.14,right
591,person,0.267,26.36,0,[FAST MODE - HIGH CONF],180.57,left
592,person,0.278,25.47,0,[FAST MODE - HIGH CONF],157.83,right
593,chair,0.257,13.12,0,[FAST MODE - HIGH CONF],163.23,left
594,bench,0.265,12.86,0,[FAST MODE - HIGH CONF],188.21,left
595,person,0.278,27.97,0,[FAST MODE - HIGH CONF],174.28,left
596,person,0.269,28.38,0,[FAST MODE - HIGH CONF],190.96,left
597,bench,0.269,25.17,0,[FAST MODE - HIGH CONF],179.15,right
598,chair,0.264,15.4,0,[FAST MODE - HIGH CONF],156.87,left
599,person,0.268,26.84,0,[FAST MODE - HIGH CONF],163.13,right
600,person,0.25,26.43,0,[FAST MODE - HIGH CONF],188.85,right
601,person,0.277,25.26,0,[FAST MODE - HIGH CONF],291.45,right
602,chair,0.256,12.34,0,[FAST MODE - HIGH CONF],177.0,left
603,person,0.306,26.26,0,[FAST MODE - HIGH CONF],138.98,right
604,bench,0.265,27.77,0,[FAST MODE - HIGH CONF],134.38,left
605,bench,0.271,27.21,0,[FAST MODE - HIGH CONF],141.63,left
606,person,0.267,16.29,0,[FAST MODE - HIGH CONF],208.65,left
607,chair,0.252,11.49,0,[FAST MODE - HIGH CONF],395.68,left
608,person,0.372,24.98,0,[FAST MODE - HIGH CONF],451.31,left
609,person,0.312,28.88,0,[FAST MODE - HIGH CONF],514.53,left
610,person,0.283,13.32,0,[FAST MODE - HIGH CONF],465.6,left
611,person,0.278,13.76,0,[FAST MODE - HIGH CONF],488.57,left
612,person,0.261,13.45,0,[FAST MODE - HIGH CONF],263.41,left
613,bench,0.251,10.78,0,[FAST MODE - HIGH CONF],183.24,left
614,person,0.262,25.32,0,[FAST MODE - HIGH CONF],172.88,right
615,person,0.27,28.41,0,[FAST MODE - HIGH CONF],283.23,left
616,bench,0.264,8.96,0,[FAST MODE - TOO CLOSE],175.53,left
617,person,0.28,23.21,0,[FAST MODE - HIGH CONF],171.69,left
618,person,0.259,23.86,0,[FAST MODE - HIGH CONF],200.83,left
619,person,0.281,18.98,0,[FAST MODE - HIGH CONF],262.4,left
620,person,0.304,24.0,0,[FAST MODE - HIGH CONF],241.58,right
621,bench,0.258,23.11,0,[FAST MODE - HIGH CONF],226.53,right
622,person,0.268,28.62,0,[FAST MODE - HIGH CONF],168.1,left
623,bench,0.279,23.66,0,[FAST MODE - HIGH CONF],318.9,right
624,chair,0.264,7.4,0,[FAST MODE - TOO CLOSE],212.8,left
625,bench,0.252,23.74,0,[FAST MODE - HIGH CONF],205.67,right
626,bench,0.267,22.86,0,[FAST MODE - HIGH CONF],219.71,right
627,person,0.252,21.25,0,[FAST MODE - HIGH CONF],161.85,left
628,person,0.262,21.47,0,[FAST MODE - HIGH CONF],305.07,left
629,person,0.278,28.57,0,[FAST MODE - HIGH CONF],364.99,left
630,bench,0.251,8.34,0,[FAST MODE - TOO CLOSE],583.83,left
631,bench,0.259,23.01,0,[FAST MODE - HIGH CONF],523.34,right
632,bench,0.416,23.86,0,[FAST MODE - HIGH CONF],483.74,right
633,person,0.281,19.71,0,[FAST MODE - HIGH CONF],492.56,left
634,bench,0.276,24.68,0,[FAST MODE - HIGH CONF],321.52,right
635,person,0.256,19.55,0,[FAST MODE - HIGH CONF],271.89,left
636,person,0.305,23.35,0,[FAST MODE - HIGH CONF],154.41,left
637,dining table,0.281,6.79,0,[FAST MODE - TOO CLOSE],156.35,left
638,dining table,0.271,6.59,0,[FAST MODE - TOO CLOSE],184.1,left
639,person,0.4,18.86,0,[FAST MODE - HIGH CONF],193.67,left
640,person,0.28,23.82,0,[FAST MODE - HIGH CONF],225.87,right
641,person,0.282,13.05,0,[FAST MODE - HIGH CONF],189.93,left
642,bench,0.262,23.14,0,[FAST MODE - HIGH CONF],161.54,right
643,bench,0.291,23.31,0,[FAST MODE - HIGH CONF],219.09,right
644,bench,0.285,23.22,0,[FAST MODE - HIGH CONF],228.6,right
645,bench,0.253,22.44,0,[FAST MODE - HIGH CONF],206.29,right
646,dining table,0.283,6.41,0,[FAST MODE - TOO CLOSE],305.52,left
647,bench,0.28,23.75,0,[FAST MODE - HIGH CONF],200.15,right
648,chair,0.256,6.41,0,[FAST MODE - TOO CLOSE],223.97,left
649,person,0.25,21.74,0,[FAST MODE - HIGH CONF],201.61,left
650,person,0.295,24.5,0,[FAST MODE - HIGH CONF],187.53,left
651,person,0.269,24.19,0,[FAST MODE - HIGH CONF],186.16,left
652,person,0.266,26.64,0,[FAST MODE - HIGH CONF],204.79,left
653,bench,0.297,23.08,0,[FAST MODE - HIGH CONF],177.11,right
654,bench,0.259,22.72,0,[FAST MODE - HIGH CONF],231.94,right
655,person,0.258,28.84,0,[FAST MODE - HIGH CONF],258.57,left
656,bench,0.363,21.27,0,[FAST MODE - HIGH CONF],233.84,right
657,person,0.309,22.89,0,[FAST MODE - HIGH CONF],251.59,left
658,chair,0.316,5.58,0,[FAST MODE - TOO CLOSE],192.27,right
659,bench,0.259,22.36,0,[FAST MODE - HIGH CONF],228.72,right
660,bench,0.355,22.07,0,[FAST MODE - HIGH CONF],211.32,right
661,person,0.255,20.28,0,[FAST MODE - HIGH CONF],132.91,left
662,person,0.313,22.98,0,[FAST MODE - HIGH CONF],225.25,left
663,person,0.277,18.41,0,[FAST MODE - HIGH CONF],220.99,left
664,person,0.258,11.32,0,[FAST MODE - HIGH CONF],463.93,left
665,person,0.27,12.33,0,[FAST MODE - HIGH CONF],570.68,left
666,bench,0.268,20.45,0,[FAST MODE - HIGH CONF],482.95,right
667,person,0.25,15.38,0,[FAST MODE - HIGH CONF],514.15,left
668,chair,0.25,4.44,0,[FAST MODE - TOO CLOSE],535.75,right
669,handbag,0.253,3.26,0,[FAST MODE - TOO CLOSE],349.77,left
670,person,0.291,13.47,0,[FAST MODE - HIGH CONF],274.8,left
671,chair,0.254,21.26,0,[FAST MODE - HIGH CONF],147.35,right
672,bench,0.319,21.06,0,[FAST MODE - HIGH CONF],167.11,right
673,person,0.252,11.18,0,[FAST MODE - HIGH CONF],287.51,left
674,potted plant,0.316,17.57,0,[FAST MODE - HIGH CONF],169.1,left
675,bench,0.262,19.78,0,[FAST MODE - HIGH CONF],160.87,right
676,person,0.252,24.02,0,[FAST MODE - HIGH CONF],198.0,right
677,bench,0.267,19.98,0,[FAST MODE - HIGH CONF],218.98,right
678,chair,0.264,22.97,0,[FAST MODE - HIGH CONF],257.37,right
679,chair,0.293,3.93,0,[FAST MODE - TOO CLOSE],304.26,right
680,person,0.347,19.93,0,[FAST MODE - HIGH CONF],383.07,left
681,person,0.264,27.62,0,[FAST MODE - HIGH CONF],242.08,left
682,bench,0.296,20.7,0,[FAST MODE - HIGH CONF],283.81,right
683,person,0.318,23.37,0,[FAST MODE - HIGH CONF],204.39,left
684,bench,0.469,21.06,0,[FAST MODE - HIGH CONF],287.54,right
685,person,0.284,2.77,0,[FAST MODE - TOO CLOSE],269.24,right
686,chair,0.274,2.65,0,[FAST MODE - TOO CLOSE],244.35,left
687,person,0.299,22.77,0,[FAST MODE - HIGH CONF],270.02,left
688,chair,0.291,3.19,0,[FAST MODE - TOO CLOSE],173.79,right
689,dining table,0.258,2.32,0,[FAST MODE - TOO CLOSE],229.68,left
690,person,0.307,3.25,0,[FAST MODE - TOO CLOSE],377.64,right
691,potted plant,0.273,12.08,0,[FAST MODE - HIGH CONF],483.7,left
692,person,0.312,23.41,0,[FAST MODE - HIGH CONF],469.91,left
693,bench,0.256,21.12,0,[FAST MODE - HIGH CONF],485.84,right
694,person,0.353,25.37,0,[FAST MODE - HIGH CONF],480.51,left
695,person,0.277,26.3,0,[FAST MODE - HIGH CONF],312.0,left
696,person,0.301,3.15,0,[FAST MODE - TOO CLOSE],255.52,right
697,fire hydrant,0.25,9.1,0,[FAST MODE - TOO CLOSE],177.84,left
698,person,0.285,24.17,0,[FAST MODE - HIGH CONF],240.41,right
699,person,0.269,17.13,0,[FAST MODE - HIGH CONF],159.3,right
700,chair,0.301,22.51,0,[FAST MODE - HIGH CONF],146.57,right
701,person,0.25,25.5,0,[FAST MODE - HIGH CONF],150.07,right
702,dining table,0.267,22.94,0,[FAST MODE - HIGH CONF],162.5,right
703,person,0.265,22.93,0,[FAST MODE - HIGH CONF],172.5,right
704,chair,0.25,22.88,0,[FAST MODE - HIGH CONF],205.28,right
705,person,0.264,23.42,0,[FAST MODE - HIGH CONF],158.85,right
706,bench,0.262,22.97,0,[FAST MODE - HIGH CONF],147.54,right
707,person,0.282,25.54,0,[FAST MODE - HIGH CONF],196.96,right
708,person,0.252,24.86,0,[FAST MODE - HIGH CONF],179.21,right
709,bench,0.291,23.65,0,[FAST MODE - HIGH CONF],172.34,right
710,bench,0.255,6.19,0,[FAST MODE - TOO CLOSE],172.95,left
711,bench,0.256,20.95,0,[FAST MODE - HIGH CONF],234.51,right
712,chair,0.258,22.67,0,[FAST MODE - HIGH CONF],203.41,right
713,dining table,0.255,3.5,0,[FAST MODE - TOO CLOSE],191.52,right
714,dining table,0.267,22.27,0,[FAST MODE - HIGH CONF],393.93,right
715,bench,0.283,22.97,0,[FAST MODE - HIGH CONF],256.07,right
716,person,0.257,26.08,0,[FAST MODE - HIGH CONF],337.71,right
717,chair,0.303,23.73,0,[FAST MODE - HIGH CONF],251.32,right
718,person,0.274,3.81,0,[FAST MODE - TOO CLOSE],152.37,right
719,person,0.279,25.89,0,[FAST MODE - HIGH CONF],665.38,right
720,dining table,0.265,1.9,0,[FAST MODE - TOO CLOSE],589.86,right
721,bench,0.254,5.31,0,[FAST MODE - TOO CLOSE],643.11,left
722,bench,0.285,3.75,0,[FAST MODE - TOO CLOSE],660.86,left
723,bench,0.291,20.76,0,[FAST MODE - HIGH CONF],633.02,right
724,chair,0.293,22.7,0,[FAST MODE - HIGH CONF],301.44,right
725,dining table,0.251,20.39,0,[FAST MODE - HIGH CONF],264.52,right
726,person,0.252,25.37,0,[FAST MODE - HIGH CONF],181.41,right
727,dining table,0.26,2.99,0,[FAST MODE - TOO CLOSE],175.4,right
728,person,0.256,27.77,0,[FAST MODE - HIGH CONF],279.31,left
729,chair,0.271,23.8,0,[FAST MODE - HIGH CONF],242.59,right
730,bench,0.254,5.5,0,[FAST MODE - TOO CLOSE],311.08,left
731,chair,0.251,21.53,0,[FAST MODE - HIGH CONF],300.18,right
732,person,0.253,8.67,0,[FAST MODE - TOO CLOSE],404.87,right
733,bench,0.25,7.96,0,[FAST MODE - TOO CLOSE],314.28,left
734,person,0.256,11.09,0,[FAST MODE - HIGH CONF],267.16,right
735,chair,0.254,22.77,0,[FAST MODE - HIGH CONF],286.35,right
736,person,0.27,9.88,0,[FAST MODE - TOO CLOSE],319.62,right
737,person,0.269,25.48,0,[FAST MODE - HIGH CONF],264.27,right
738,person,0.267,24.36,0,[FAST MODE - HIGH CONF],219.62,right
739,dining table,0.266,1.81,0,[FAST MODE - TOO CLOSE],141.35,right
740,person,0.27,25.94,0,[FAST MODE - HIGH CONF],148.74,right
741,person,0.274,24.46,0,[FAST MODE - HIGH CONF],138.5,right
742,person,0.283,15.26,0,[FAST MODE - HIGH CONF],145.52,right
743,dining table,0.298,1.81,0,[FAST MODE - TOO CLOSE],177.14,right
744,bench,0.269,3.45,0,[FAST MODE - TOO CLOSE],207.09,left
745,person,0.259,28.27,0,[FAST MODE - HIGH CONF],164.99,left
746,person,0.29,27.95,0,[FAST MODE - HIGH CONF],219.88,left
747,bench,0.277,5.38,0,[FAST MODE - TOO CLOSE],164.07,left
748,person,0.253,24.04,0,[FAST MODE - HIGH CONF],219.36,right
749,bench,0.276,7.09,0,[FAST MODE - TOO CLOSE],180.39,left
750,bench,0.367,23.02,0,[FAST MODE - HIGH CONF],185.98,right
751,person,0.263,23.96,0,[FAST MODE - HIGH CONF],179.89,right
752,dining table,0.296,2.85,0,[FAST MODE - TOO CLOSE],158.67,right
753,person,0.3,27.83,0,[FAST MODE - HIGH CONF],179.83,right
754,chair,0.258,2.56,0,[FAST MODE - TOO CLOSE],232.24,left
755,person,0.261,27.34,0,[FAST MODE - HIGH CONF],242.5,left
756,dining table,0.252,2.53,0,[FAST MODE - TOO CLOSE],186.7,right
757,person,0.253,28.34,0,[FAST MODE - HIGH CONF],195.84,left
758,person,0.256,27.09,0,[FAST MODE - HIGH CONF],193.66,left
759,chair,0.253,10.96,0,[FAST MODE - HIGH CONF],201.49,left
760,person,0.258,27.57,0,[FAST MODE - HIGH CONF],201.63,right
761,chair,0.277,23.56,0,[FAST MODE - HIGH CONF],166.2,right
762,chair,0.251,13.66,0,[FAST MODE - HIGH CONF],201.17,left
763,person,0.251,27.9,0,[FAST MODE - HIGH CONF],411.75,right
764,person,0.258,24.81,0,[FAST MODE - HIGH CONF],192.67,right
765,person,0.251,25.07,0,[FAST MODE - HIGH CONF],171.29,right
766,dining table,0.26,3.18,0,[FAST MODE - TOO CLOSE],168.2,right
767,person,0.292,28.25,0,[FAST MODE - HIGH CONF],195.85,right
768,person,0.317,27.72,0,[FAST MODE - HIGH CONF],165.65,right
769,person,0.258,27.66,0,[FAST MODE - HIGH CONF],156.49,right
770,person,0.277,25.64,0,[FAST MODE - HIGH CONF],172.96,right
771,person,0.267,26.63,0,[FAST MODE - HIGH CONF],156.26,right
772,person,0.289,26.71,0,[FAST MODE - HIGH CONF],172.46,right
773,person,0.27,28.85,0,[FAST MODE - HIGH CONF],173.46,left
774,person,0.267,28.55,0,[FAST MODE - HIGH CONF],164.02,left
775,person,0.269,2.71,0,[FAST MODE - TOO CLOSE],137.23,right
776,person,0.259,26.53,0,[FAST MODE - HIGH CONF],138.71,right
777,person,0.251,25.97,0,[FAST MODE - HIGH CONF],156.35,right
778,person,0.292,25.42,0,[FAST MODE - HIGH CONF],148.02,right
779,person,0.263,24.98,0,[FAST MODE - HIGH CONF],162.39,right
780,person,0.253,16.72,0,[FAST MODE - HIGH CONF],130.76,right
781,person,0.294,28.78,0,[FAST MODE - HIGH CONF],129.65,left
782,person,0.362,27.48,0,[FAST MODE - HIGH CONF],150.42,right
783,chair,0.289,2.08,0,[FAST MODE - TOO CLOSE],134.68,right
784,chair,0.282,1.66,0,[FAST MODE - TOO CLOSE],161.34,right
785,person,0.261,19.54,0,[FAST MODE - HIGH CONF],131.15,right
786,person,0.316,24.46,0,[FAST MODE - HIGH CONF],142.7,right
787,bench,0.253,2.35,0,[FAST MODE - TOO CLOSE],158.29,right
788,person,0.325,30.23,0,[FAST MODE - HIGH CONF],151.84,left
789,chair,0.253,2.18,0,[FAST MODE - TOO CLOSE],141.26,right
790,person,0.276,27.33,0,[FAST MODE - HIGH CONF],145.82,right
791,bench,0.279,11.17,0,[FAST MODE - HIGH CONF],148.35,left
792,chair,0.297,2.11,0,[FAST MODE - TOO CLOSE],165.17,right
793,bench,0.327,10.94,0,[FAST MODE - HIGH CONF],147.21,left
794,person,0.258,25.22,0,[FAST MODE - HIGH CONF],164.48,right
795,bench,0.269,5.6,0,[FAST MODE - TOO CLOSE],139.41,left
796,chair,0.323,2.07,0,[FAST MODE - TOO CLOSE],142.01,right
797,person,0.286,27.78,0,[FAST MODE - HIGH CONF],145.64,right
798,person,0.271,27.47,0,[FAST MODE - HIGH CONF],138.76,right
799,bench,0.257,7.75,0,[FAST MODE - TOO CLOSE],138.04,left
800,person,0.289,28.71,0,[FAST MODE - HIGH CONF],156.08,right
801,bench,0.257,22.94,0,[FAST MODE - HIGH CONF],151.88,right
802,person,0.315,31.01,0,[FAST MODE - HIGH CONF],143.08,left
803,person,0.262,28.29,0,[FAST MODE - HIGH CONF],138.16,right
804,person,0.258,27.66,0,[FAST MODE - HIGH CONF],160.48,right
805,person,0.352,26.57,0,[FAST MODE - HIGH CONF],153.57,right
806,bench,0.253,9.41,0,[FAST MODE - TOO CLOSE],155.69,left
807,person,0.283,25.39,0,[FAST MODE - HIGH CONF],176.06,right
808,person,0.307,26.85,0,[FAST MODE - HIGH CONF],162.86,right
809,person,0.359,30.91,0,[FAST MODE - HIGH CONF],157.48,left
810,person,0.319,27.23,0,[FAST MODE - HIGH CONF],159.19,right
811,bench,0.277,4.43,0,[FAST MODE - TOO CLOSE],160.8,left
812,bench,0.253,3.94,0,[FAST MODE - TOO CLOSE],163.43,left
813,person,0.293,25.26,0,[FAST MODE - HIGH CONF],174.62,right
814,person,0.384,27.7,0,[FAST MODE - HIGH CONF],161.65,right
815,person,0.314,27.3,0,[FAST MODE - HIGH CONF],153.66,right
816,person,0.273,23.6,0,[FAST MODE - HIGH CONF],162.66,right
817,bench,0.255,2.86,0,[FAST MODE - TOO CLOSE],158.61,left
818,person,0.251,27.67,0,[FAST MODE - HIGH CONF],164.99,right
819,person,0.254,26.71,0,[FAST MODE - HIGH CONF],162.89,right
820,person,0.274,21.94,0,[FAST MODE - HIGH CONF],176.25,left
821,person,0.252,25.2,0,[FAST MODE - HIGH CONF],164.22,right
822,person,0.288,27.95,0,[FAST MODE - HIGH CONF],159.25,right
823,person,0.269,26.17,0,[FAST MODE - HIGH CONF],144.47,right
824,person,0.258,26.39,0,[FAST MODE - HIGH CONF],140.7,right
825,potted plant,0.275,14.92,0,[FAST MODE - HIGH CONF],140.2,left
826,person,0.285,26.81,0,[FAST MODE - HIGH CONF],158.34,right
827,person,0.25,26.42,0,[FAST MODE - HIGH CONF],155.74,right
828,person,0.307,27.23,0,[FAST MODE - HIGH CONF],149.46,right
829,person,0.337,22.82,0,[FAST MODE - HIGH CONF],161.88,left
830,person,0.286,26.37,0,[FAST MODE - HIGH CONF],146.66,right
831,person,0.281,23.32,0,[FAST MODE - HIGH CONF],139.38,right
832,person,0.258,18.78,0,[FAST MODE - HIGH CONF],163.57,left
833,person,0.258,18.66,0,[FAST MODE - HIGH CONF],161.72,left
834,backpack,0.252,22.11,0,[FAST MODE - HIGH CONF],156.29,right
835,person,0.301,26.97,0,[FAST MODE - HIGH CONF],145.02,right
836,person,0.354,29.21,0,[FAST MODE - HIGH CONF],128.15,left
837,bench,0.255,26.58,0,[FAST MODE - HIGH CONF],150.12,left
838,person,0.251,26.66,0,[FAST MODE - HIGH CONF],167.06,right
839,person,0.301,26.1,0,[FAST MODE - HIGH CONF],163.19,right
840,person,0.257,27.59,0,[FAST MODE - HIGH CONF],170.33,right
841,person,0.279,27.51,0,[FAST MODE - HIGH CONF],158.01,right
842,person,0.359,29.86,0,[FAST MODE - HIGH CONF],154.44,left
843,potted plant,0.255,24.61,0,[FAST MODE - HIGH CONF],160.44,left
844,person,0.289,27.13,0,[FAST MODE - HIGH CONF],156.15,right
845,potted plant,0.288,25.78,0,[FAST MODE - HIGH CONF],161.69,left
846,person,0.291,19.81,0,[FAST MODE - HIGH CONF],160.33,left
847,car,0.251,24.07,0,[FAST MODE - HIGH CONF],162.1,left
848,person,0.323,26.32,0,[FAST MODE - HIGH CONF],153.78,right
849,bench,0.27,26.81,0,[FAST MODE - HIGH CONF],158.82,left
850,potted plant,0.255,25.24,0,[FAST MODE - HIGH CONF],166.67,left
851,person,0.397,29.91,0,[FAST MODE - HIGH CONF],162.88,left
852,person,0.41,28.78,0,[FAST MODE - HIGH CONF],157.26,left
853,person,0.406,28.42,0,[FAST MODE - HIGH CONF],148.66,left
854,person,0.29,26.7,0,[FAST MODE - HIGH CONF],145.78,right
855,person,0.302,15.03,0,[FAST MODE - HIGH CONF],164.89,left
856,potted plant,0.258,11.56,0,[FAST MODE - HIGH CONF],162.28,left
857,person,0.309,25.91,0,[FAST MODE - HIGH CONF],158.62,right
858,potted plant,0.312,8.93,0,[FAST MODE - TOO CLOSE],163.45,left
859,person,0.26,22.72,0,[FAST MODE - HIGH CONF],170.87,right
860,person,0.256,24.63,0,[FAST MODE - HIGH CONF],162.1,right
861,person,0.344,17.7,0,[FAST MODE - HIGH CONF],167.2,left
862,person,0.272,18.57,0,[FAST MODE - HIGH CONF],164.91,left
863,person,0.262,27.18,0,[FAST MODE - HIGH CONF],162.82,left
864,person,0.359,27.71,0,[FAST MODE - HIGH CONF],142.53,left
865,potted plant,0.269,21.77,0,[FAST MODE - HIGH CONF],135.69,left
866,person,0.312,27.56,0,[FAST MODE - HIGH CONF],154.54,left
867,person,0.263,16.22,0,[FAST MODE - HIGH CONF],159.03,left
868,person,0.287,24.28,0,[FAST MODE - HIGH CONF],155.8,right
869,person,0.381,17.36,0,[FAST MODE - HIGH CONF],163.65,left
870,person,0.343,25.32,0,[FAST MODE - HIGH CONF],149.7,right
871,person,0.317,24.95,0,[FAST MODE - HIGH CONF],130.94,right
872,person,0.262,15.04,0,[FAST MODE - HIGH CONF],143.49,left
873,person,0.296,17.29,0,[FAST MODE - HIGH CONF],171.02,left
874,person,0.268,25.1,0,[FAST MODE - HIGH CONF],139.88,right
875,person,0.254,23.76,0,[FAST MODE - HIGH CONF],141.1,right
876,person,0.254,24.75,0,[FAST MODE - HIGH CONF],129.27,right
877,person,0.35,25.56,0,[FAST MODE - HIGH CONF],135.29,right
878,person,0.261,22.77,0,[FAST MODE - HIGH CONF],138.61,right
879,person,0.269,23.67,0,[FAST MODE - HIGH CONF],142.21,right
880,person,0.281,21.83,0,[FAST MODE - HIGH CONF],151.48,right
881,bench,0.269,25.09,0,[FAST MODE - HIGH CONF],146.86,right
882,person,0.268,28.35,0,[FAST MODE - HIGH CONF],167.53,left
883,person,0.262,28.11,0,[FAST MODE - HIGH CONF],157.65,left
884,person,0.28,14.34,0,[FAST MODE - HIGH CONF],159.96,left
885,person,0.264,23.88,0,[FAST MODE - HIGH CONF],158.76,right
886,person,0.321,27.79,0,[FAST MODE - HIGH CONF],165.95,left
887,person,0.35,28.47,0,[FAST MODE - HIGH CONF],163.55,left
888,person,0.33,28.15,0,[FAST MODE - HIGH CONF],170.29,left
889,person,0.274,24.72,0,[FAST MODE - HIGH CONF],136.47,right
890,bench,0.422,25.58,0,[FAST MODE - HIGH CONF],140.32,right
891,person,0.292,24.89,0,[FAST MODE - HIGH CONF],161.31,right
892,person,0.252,25.56,0,[FAST MODE - HIGH CONF],158.49,right
893,person,0.289,20.2,0,[FAST MODE - HIGH CONF],167.37,right
894,person,0.281,28.54,0,[FAST MODE - HIGH CONF],181.8,left
895,person,0.251,25.12,0,[FAST MODE - HIGH CONF],172.47,right
896,person,0.255,26.27,0,[FAST MODE - HIGH CONF],176.32,right
897,person,0.453,20.44,0,[FAST MODE - HIGH CONF],145.78,right
898,person,0.284,28.78,0,[FAST MODE - HIGH CONF],153.31,left
899,person,0.306,22.09,0,[FAST MODE - HIGH CONF],178.57,right
900,person,0.53,23.21,0,[FAST MODE - HIGH CONF],193.06,left
901,handbag,0.255,23.27,0,[FAST MODE - HIGH CONF],182.3,right
902,person,0.255,26.5,0,[FAST MODE - HIGH CONF],150.79,right
903,person,0.294,26.4,0,[FAST MODE - HIGH CONF],148.82,right
904,person,0.272,28.59,0,[FAST MODE - HIGH CONF],159.81,left
905,person,0.36,28.03,0,[FAST MODE - HIGH CONF],180.48,left
906,person,0.284,28.72,0,[FAST MODE - HIGH CONF],144.48,left
907,person,0.25,27.24,0,[FAST MODE - HIGH CONF],172.74,left
908,skateboard,0.273,22.92,0,[FAST MODE - HIGH CONF],150.07,right
909,person,0.312,13.11,0,[FAST MODE - HIGH CONF],139.42,left
910,bench,0.304,26.28,0,[FAST MODE - HIGH CONF],141.5,right
911,person,0.269,29.35,0,[FAST MODE - HIGH CONF],151.87,left
912,person,0.268,29.58,0,[FAST MODE - HIGH CONF],160.77,left
913,bench,0.255,27.23,0,[FAST MODE - HIGH CONF],165.9,right
914,person,0.327,29.59,0,[FAST MODE - HIGH CONF],168.03,left
915,person,0.276,29.76,0,[FAST MODE - HIGH CONF],150.87,left
916,bench,0.256,26.73,0,[FAST MODE - HIGH CONF],166.61,right
917,potted plant,0.258,27.47,0,[FAST MODE - HIGH CONF],153.66,left
918,handbag,0.314,26.0,0,[FAST MODE - HIGH CONF],114.52,left
919,person,0.255,26.46,0,[FAST MODE - HIGH CONF],134.89,left
920,person,0.394,25.95,0,[FAST MODE - HIGH CONF],169.21,left
921,person,0.267,28.55,0,[FAST MODE - HIGH CONF],166.67,left
922,person,0.289,28.55,0,[FAST MODE - HIGH CONF],167.32,left
923,handbag,0.279,26.17,0,[FAST MODE - HIGH CONF],159.11,left
924,person,0.367,26.63,0,[FAST MODE - HIGH CONF],145.08,left
925,person,0.298,28.86,0,[FAST MODE - HIGH CONF],139.57,left
926,potted plant,0.254,28.64,0,[FAST MODE - HIGH CONF],153.33,left
927,person,0.292,28.81,0,[FAST MODE - HIGH CONF],157.38,left
928,potted plant,0.261,28.79,0,[FAST MODE - HIGH CONF],159.87,left
929,potted plant,0.342,28.6,0,[FAST MODE - HIGH CONF],170.95,left
930,bench,0.288,27.27,0,[FAST MODE - HIGH CONF],148.82,right
931,person,0.275,29.2,0,[FAST MODE - HIGH CONF],167.11,left
932,bench,0.256,27.39,0,[FAST MODE - HIGH CONF],146.86,right
933,bench,0.25,27.52,0,[FAST MODE - HIGH CONF],137.41,right
934,bench,0.273,28.16,0,[FAST MODE - HIGH CONF],135.53,right
935,potted plant,0.276,29.64,0,[FAST MODE - HIGH CONF],169.36,left
936,backpack,0.27,27.19,0,[FAST MODE - HIGH CONF],139.21,right
937,bench,0.405,27.91,0,[FAST MODE - HIGH CONF],178.68,right
938,bench,0.273,28.33,0,[FAST MODE - HIGH CONF],148.67,right
939,skateboard,0.287,24.88,0,[FAST MODE - HIGH CONF],144.61,right
940,person,0.376,25.59,0,[FAST MODE - HIGH CONF],188.57,right
941,bench,0.276,26.98,0,[FAST MODE - HIGH CONF],174.56,right
942,bench,0.275,27.75,0,[FAST MODE - HIGH CONF],176.03,right
943,bench,0.429,27.78,0,[FAST MODE - HIGH CONF],173.48,right
944,handbag,0.302,25.57,0,[FAST MODE - HIGH CONF],165.74,right
945,handbag,0.251,25.98,0,[FAST MODE - HIGH CONF],152.97,right
946,potted plant,0.308,30.32,0,[FAST MODE - HIGH CONF],136.38,left
947,person,0.268,24.47,0,[FAST MODE - HIGH CONF],134.23,left
948,bench,0.31,27.29,0,[FAST MODE - HIGH CONF],143.16,right
949,bench,0.335,27.66,0,[FAST MODE - HIGH CONF],137.53,right
950,person,0.325,25.06,0,[FAST MODE - HIGH CONF],129.66,right
951,potted plant,0.271,29.77,0,[FAST MODE - HIGH CONF],136.06,left
952,bench,0.318,26.59,0,[FAST MODE - HIGH CONF],130.46,right
953,bench,0.278,26.74,0,[FAST MODE - HIGH CONF],133.58,right
954,person,0.359,27.65,0,[FAST MODE - HIGH CONF],136.25,left
955,handbag,0.256,26.6,0,[FAST MODE - HIGH CONF],136.05,right
956,person,0.298,27.89,0,[FAST MODE - HIGH CONF],140.0,left
957,handbag,0.262,26.64,0,[FAST MODE - HIGH CONF],139.37,right
958,handbag,0.296,25.69,0,[FAST MODE - HIGH CONF],149.46,right
959,bench,0.421,25.93,0,[FAST MODE - HIGH CONF],134.72,right
960,person,0.266,30.74,0,[FAST MODE - HIGH CONF],145.02,left
961,bench,0.516,26.92,0,[FAST MODE - HIGH CONF],130.92,right
962,person,0.265,22.98,0,[FAST MODE - HIGH CONF],136.14,right
963,handbag,0.285,25.09,0,[FAST MODE - HIGH CONF],136.51,right
964,handbag,0.25,23.56,0,[FAST MODE - HIGH CONF],135.36,right
965,bench,0.445,26.6,0,[FAST MODE - HIGH CONF],138.96,right
966,bench,0.371,27.45,0,[FAST MODE - HIGH CONF],143.18,right
967,person,0.281,28.23,0,[FAST MODE - HIGH CONF],155.87,left
968,potted plant,0.257,29.01,0,[FAST MODE - HIGH CONF],149.74,left
969,bench,0.269,26.27,0,[FAST MODE - HIGH CONF],131.78,right
970,bench,0.356,25.18,0,[FAST MODE - HIGH CONF],128.65,right
971,person,0.256,28.24,0,[FAST MODE - HIGH CONF],134.79,left
972,person,0.317,29.08,0,[FAST MODE - HIGH CONF],144.61,left
973,person,0.289,29.67,0,[FAST MODE - HIGH CONF],171.84,left
974,person,0.279,30.97,0,[FAST MODE - HIGH CONF],161.54,left
975,person,0.335,29.25,0,[FAST MODE - HIGH CONF],150.94,left
976,potted plant,0.261,30.11,0,[FAST MODE - HIGH CONF],146.34,left
977,backpack,0.317,24.43,0,[FAST MODE - HIGH CONF],164.1,right
978,bench,0.407,26.81,0,[FAST MODE - HIGH CONF],144.41,right
979,bench,0.365,26.51,0,[FAST MODE - HIGH CONF],136.54,right
980,person,0.359,29.08,0,[FAST MODE - HIGH CONF],165.73,left
981,person,0.322,28.61,0,[FAST MODE - HIGH CONF],173.74,left
982,bench,0.337,25.97,0,[FAST MODE - HIGH CONF],173.77,right
983,bench,0.293,26.42,0,[FAST MODE - HIGH CONF],161.53,right
984,person,0.517,29.78,0,[FAST MODE - HIGH CONF],146.94,left
985,person,0.527,29.61,0,[FAST MODE - HIGH CONF],165.82,left
986,person,0.503,29.22,0,[FAST MODE - HIGH CONF],155.56,left
987,person,0.639,24.91,0,[FAST MODE - HIGH CONF],136.29,right
988,bench,0.337,24.74,0,[FAST MODE - HIGH CONF],138.61,right
989,person,0.26,31.14,0,[FAST MODE - HIGH CONF],136.88,left
990,handbag,0.3,22.31,0,[FAST MODE - HIGH CONF],145.55,right
991,bench,0.279,22.51,0,[FAST MODE - HIGH CONF],133.2,right
992,handbag,0.298,20.55,0,[FAST MODE - HIGH CONF],127.07,right
993,person,0.306,29.29,0,[FAST MODE - HIGH CONF],135.55,left
994,person,0.425,29.26,0,[FAST MODE - HIGH CONF],149.01,left
995,person,0.326,28.9,0,[FAST MODE - HIGH CONF],131.53,left
996,backpack,0.432,22.53,0,[FAST MODE - HIGH CONF],130.22,right
997,bench,0.465,22.47,0,[FAST MODE - HIGH CONF],133.54,right
998,person,0.688,23.66,0,[FAST MODE - HIGH CONF],133.49,right
999,person,0.662,24.69,0,[FAST MODE - HIGH CONF],131.87,right
1000,person,0.642,22.52,0,[FAST MODE - HIGH CONF],127.47,right
1001,person,0.596,23.13,0,[FAST MODE - HIGH CONF],127.78,right
1002,bench,0.261,20.73,0,[FAST MODE - HIGH CONF],132.14,right
1003,person,0.67,20.95,0,[FAST MODE - HIGH CONF],141.34,right
1004,person,0.668,22.8,0,[FAST MODE - HIGH CONF],149.15,right
1005,person,0.631,22.72,0,[FAST MODE - HIGH CONF],155.72,right
1006,person,0.621,22.28,0,[FAST MODE - HIGH CONF],149.7,right
1007,person,0.589,23.04,0,[FAST MODE - HIGH CONF],154.82,right
1008,person,0.272,29.66,0,[FAST MODE - HIGH CONF],170.07,left
1009,potted plant,0.254,18.93,0,[FAST MODE - HIGH CONF],172.62,left
1010,bench,0.275,20.76,0,[FAST MODE - HIGH CONF],150.86,right
1011,bench,0.435,22.44,0,[FAST MODE - HIGH CONF],146.68,right
1012,person,0.602,23.46,0,[FAST MODE - HIGH CONF],126.93,right
1013,person,0.342,22.93,0,[FAST MODE - HIGH CONF],125.21,right
1014,person,0.447,24.79,0,[FAST MODE - HIGH CONF],125.72,right
1015,person,0.398,24.45,0,[FAST MODE - HIGH CONF],107.25,right
1016,person,0.267,24.91,0,[FAST MODE - HIGH CONF],125.26,right
1017,person,0.695,24.91,0,[FAST MODE - HIGH CONF],111.21,right
1018,car,0.31,28.23,0,[FAST MODE - HIGH CONF],128.99,left
1019,person,0.677,25.12,0,[FAST MODE - HIGH CONF],135.05,right
1020,person,0.656,24.27,0,[FAST MODE - HIGH CONF],153.84,right
1021,person,0.686,24.76,0,[FAST MODE - HIGH CONF],152.23,right
1022,person,0.655,24.23,0,[FAST MODE - HIGH CONF],148.64,right
1023,car,0.372,27.46,0,[FAST MODE - HIGH CONF],161.56,left
1024,car,0.413,27.89,0,[FAST MODE - HIGH CONF],160.84,left
1025,backpack,0.426,15.6,0,[FAST MODE - HIGH CONF],175.38,right
1026,backpack,0.297,15.02,0,[FAST MODE - HIGH CONF],157.15,right
1027,car,0.433,27.26,0,[FAST MODE - HIGH CONF],142.1,left
1028,car,0.327,27.45,0,[FAST MODE - HIGH CONF],154.02,left
1029,car,0.319,27.45,0,[FAST MODE - HIGH CONF],147.05,left
1030,person,0.66,23.09,0,[FAST MODE - HIGH CONF],137.72,right
1031,person,0.674,24.21,0,[FAST MODE - HIGH CONF],133.1,right
1032,person,0.676,23.83,0,[FAST MODE - HIGH CONF],129.03,right
1033,person,0.64,23.59,0,[FAST MODE - HIGH CONF],123.75,right
1034,person,0.678,22.92,0,[FAST MODE - HIGH CONF],118.98,right
1035,backpack,0.256,15.63,0,[FAST MODE - HIGH CONF],119.1,right
1036,person,0.669,23.92,0,[FAST MODE - HIGH CONF],175.61,right
1037,person,0.286,23.55,0,[FAST MODE - HIGH CONF],191.68,right
1038,person,0.6,22.57,0,[FAST MODE - HIGH CONF],154.65,right
1039,person,0.614,23.32,0,[FAST MODE - HIGH CONF],168.73,right
1040,skateboard,0.264,12.12,0,[FAST MODE - HIGH CONF],136.88,right
1041,person,0.664,24.27,0,[FAST MODE - HIGH CONF],149.25,right
1042,person,0.641,24.33,0,[FAST MODE - HIGH CONF],126.75,right
1043,person,0.659,24.4,0,[FAST MODE - HIGH CONF],164.61,right
1044,person,0.677,23.61,0,[FAST MODE - HIGH CONF],146.01,right
1045,person,0.297,23.72,0,[FAST MODE - HIGH CONF],430.58,right
1046,person,0.645,22.61,0,[FAST MODE - HIGH CONF],182.16,right
1047,person,0.667,22.55,0,[FAST MODE - HIGH CONF],162.05,right
1048,person,0.291,26.81,0,[FAST MODE - HIGH CONF],158.34,left
1049,backpack,0.327,10.95,0,[FAST MODE - HIGH CONF],147.93,right
1050,person,0.601,22.05,0,[FAST MODE - HIGH CONF],157.55,right
1051,person,0.273,20.83,0,[FAST MODE - HIGH CONF],141.83,right
1052,person,0.652,22.38,0,[FAST MODE - HIGH CONF],131.79,right
1053,person,0.424,27.57,0,[FAST MODE - HIGH CONF],128.26,left
1054,person,0.305,27.65,0,[FAST MODE - HIGH CONF],155.84,left
1055,person,0.707,22.35,0,[FAST MODE - HIGH CONF],132.14,right
1056,person,0.699,21.47,0,[FAST MODE - HIGH CONF],130.62,right
1057,person,0.722,20.38,0,[FAST MODE - HIGH CONF],126.55,right
1058,person,0.603,20.41,0,[FAST MODE - HIGH CONF],125.4,right
1059,person,0.58,22.31,0,[FAST MODE - HIGH CONF],133.09,right
1060,person,0.364,22.59,0,[FAST MODE - HIGH CONF],155.32,right
1061,person,0.519,26.71,0,[FAST MODE - HIGH CONF],127.35,left
1062,person,0.292,27.11,0,[FAST MODE - HIGH CONF],126.33,left
1063,person,0.283,27.35,0,[FAST MODE - HIGH CONF],149.19,left
1064,potted plant,0.252,16.94,0,[FAST MODE - HIGH CONF],138.01,right
1065,person,0.299,26.58,0,[FAST MODE - HIGH CONF],130.37,left
1066,potted plant,0.302,15.55,0,[FAST MODE - HIGH CONF],131.77,right
1067,potted plant,0.256,16.39,0,[FAST MODE - HIGH CONF],138.44,right
1068,potted plant,0.263,26.87,0,[FAST MODE - HIGH CONF],143.25,left
1069,person,0.273,25.59,0,[FAST MODE - HIGH CONF],142.57,left
1070,person,0.894,14.48,0,[FAST MODE - HIGH CONF],149.66,right
1071,person,0.9,14.25,0,[FAST MODE - HIGH CONF],130.91,right
1072,person,0.891,13.87,0,[FAST MODE - HIGH CONF],145.06,right
1073,person,0.87,12.42,0,[FAST MODE - HIGH CONF],162.98,right
1074,person,0.883,10.14,0,[FAST MODE - HIGH CONF],161.5,right
1075,person,0.267,25.83,0,[FAST MODE - HIGH CONF],148.34,left
1076,potted plant,0.268,12.52,0,[FAST MODE - HIGH CONF],127.23,right
1077,person,0.288,26.21,0,[FAST MODE - HIGH CONF],142.35,left
1078,person,0.865,8.74,0,[FAST MODE - TOO CLOSE],163.33,right
1079,person,0.844,9.96,0,[FAST MODE - TOO CLOSE],168.17,right
1080,bench,0.271,24.19,0,[FAST MODE - HIGH CONF],162.27,left
1081,bench,0.256,24.82,0,[FAST MODE - HIGH CONF],132.51,left
1082,person,0.581,18.59,0,[FAST MODE - HIGH CONF],134.03,right
1083,person,0.252,25.28,0,[FAST MODE - HIGH CONF],159.36,left
1084,person,0.383,23.41,0,[FAST MODE - HIGH CONF],161.64,right
1085,person,0.332,26.47,0,[FAST MODE - HIGH CONF],148.65,left
1086,person,0.27,25.58,0,[FAST MODE - HIGH CONF],142.36,left
1087,person,0.916,10.96,0,[FAST MODE - HIGH CONF],156.6,right
1088,person,0.905,8.82,0,[FAST MODE - TOO CLOSE],138.94,right
1089,person,0.899,9.82,0,[FAST MODE - TOO CLOSE],135.7,right
1090,person,0.903,8.69,0,[FAST MODE - TOO CLOSE],101.53,right
1091,person,0.892,11.86,0,[FAST MODE - HIGH CONF],150.08,right
1092,person,0.881,9.64,0,[FAST MODE - TOO CLOSE],155.82,right
1093,person,0.886,10.41,0,[FAST MODE - HIGH CONF],153.99,right
1094,person,0.268,26.49,0,[FAST MODE - HIGH CONF],161.26,left
1095,person,0.876,10.23,0,[FAST MODE - HIGH CONF],132.16,right
1096,person,0.282,26.35,0,[FAST MODE - HIGH CONF],136.89,left
1097,person,0.912,9.78,0,[FAST MODE - TOO CLOSE],166.37,right
1098,person,0.915,9.91,0,[FAST MODE - TOO CLOSE],124.25,right
1099,person,0.301,26.73,0,[FAST MODE - HIGH CONF],142.61,left
1100,bench,0.333,23.95,0,[FAST MODE - HIGH CONF],159.05,left
1101,person,0.251,26.54,0,[FAST MODE - HIGH CONF],134.99,left
1102,person,0.85,11.91,0,[FAST MODE - HIGH CONF],142.91,right
1103,person,0.856,13.11,0,[FAST MODE - HIGH CONF],149.0,right
1104,person,0.818,12.69,0,[FAST MODE - HIGH CONF],154.2,right
1105,person,0.32,26.21,0,[FAST MODE - HIGH CONF],149.21,left
1106,skateboard,0.255,9.31,0,[FAST MODE - TOO CLOSE],213.39,right
1107,potted plant,0.254,26.46,0,[FAST MODE - HIGH CONF],156.01,left
1108,person,0.265,25.99,0,[FAST MODE - HIGH CONF],150.49,left
1109,bench,0.256,24.8,0,[FAST MODE - HIGH CONF],177.95,left
1110,bench,0.352,19.09,0,[FAST MODE - HIGH CONF],175.44,right
1111,person,0.259,25.99,0,[FAST MODE - HIGH CONF],162.01,left
1112,person,0.256,25.05,0,[FAST MODE - HIGH CONF],156.49,left
1113,person,0.26,25.01,0,[FAST MODE - HIGH CONF],175.08,left
1114,person,0.259,25.55,0,[FAST MODE - HIGH CONF],154.89,left
1115,person,0.256,25.27,0,[FAST MODE - HIGH CONF],158.89,left
1116,person,0.269,24.88,0,[FAST MODE - HIGH CONF],150.6,left
1117,umbrella,0.264,28.9,0,[FAST MODE - HIGH CONF],146.47,left
1118,umbrella,0.256,28.72,0,[FAST MODE - HIGH CONF],163.19,left
1119,potted plant,0.38,9.27,0,[FAST MODE - TOO CLOSE],168.83,right
1120,person,0.474,25.93,0,[FAST MODE - HIGH CONF],159.67,left
1121,person,0.253,25.73,0,[FAST MODE - HIGH CONF],191.32,left
1122,person,0.255,25.77,0,[FAST MODE - HIGH CONF],149.95,left
1123,bench,0.29,18.19,0,[FAST MODE - HIGH CONF],150.93,right
1124,chair,0.328,18.83,0,[FAST MODE - HIGH CONF],148.5,right
1125,chair,0.302,20.63,0,[FAST MODE - HIGH CONF],148.8,right
1126,umbrella,0.266,29.31,0,[FAST MODE - HIGH CONF],151.89,left
1127,person,0.278,25.9,0,[FAST MODE - HIGH CONF],171.1,left
1128,potted plant,0.296,9.52,0,[FAST MODE - TOO CLOSE],140.3,right
1129,bench,0.264,24.8,0,[FAST MODE - HIGH CONF],155.65,left
1130,potted plant,0.257,26.18,0,[FAST MODE - HIGH CONF],148.33,left
1131,potted plant,0.273,26.78,0,[FAST MODE - HIGH CONF],152.97,left
1132,bench,0.305,27.15,0,[FAST MODE - HIGH CONF],151.37,left
1133,potted plant,0.263,10.63,0,[FAST MODE - HIGH CONF],149.64,right
1134,bench,0.287,26.08,0,[FAST MODE - HIGH CONF],163.83,left
1135,potted plant,0.272,9.54,0,[FAST MODE - TOO CLOSE],145.23,right
1136,umbrella,0.283,28.78,0,[FAST MODE - HIGH CONF],150.84,left
1137,person,0.298,25.76,0,[FAST MODE - HIGH CONF],153.23,left
1138,potted plant,0.273,9.23,0,[FAST MODE - TOO CLOSE],132.47,right
1139,potted plant,0.268,9.93,0,[FAST MODE - TOO CLOSE],146.84,right
1140,potted plant,0.264,9.49,0,[FAST MODE - TOO CLOSE],150.8,right
1141,person,0.306,25.54,0,[FAST MODE - HIGH CONF],151.61,left
1142,potted plant,0.271,25.96,0,[FAST MODE - HIGH CONF],152.73,left
1143,potted plant,0.256,25.78,0,[FAST MODE - HIGH CONF],154.35,left
1144,potted plant,0.288,25.73,0,[FAST MODE - HIGH CONF],144.46,left
1145,potted plant,0.277,25.73,0,[FAST MODE - HIGH CONF],183.77,left
1146,person,0.653,26.46,0,[FAST MODE - HIGH CONF],154.42,left
1147,person,0.632,26.62,0,[FAST MODE - HIGH CONF],167.95,left
1148,person,0.612,26.51,0,[FAST MODE - HIGH CONF],150.82,left
1149,person,0.569,26.59,0,[FAST MODE - HIGH CONF],160.38,left
1150,person,0.312,25.87,0,[FAST MODE - HIGH CONF],174.27,left
1151,person,0.298,24.85,0,[FAST MODE - HIGH CONF],164.42,left
1152,person,0.304,25.35,0,[FAST MODE - HIGH CONF],193.28,left
1153,person,0.326,24.71,0,[FAST MODE - HIGH CONF],159.23,left
1154,potted plant,0.331,26.02,0,[FAST MODE - HIGH CONF],147.12,left
1155,potted plant,0.277,26.85,0,[FAST MODE - HIGH CONF],158.28,left
1156,person,0.302,26.25,0,[FAST MODE - HIGH CONF],173.04,left
1157,potted plant,0.3,26.67,0,[FAST MODE - HIGH CONF],160.54,left
1158,potted plant,0.347,25.99,0,[FAST MODE - HIGH CONF],144.71,left
1159,potted plant,0.32,26.89,0,[FAST MODE - HIGH CONF],139.14,left
1160,potted plant,0.274,22.42,0,[FAST MODE - HIGH CONF],139.25,left
1161,potted plant,0.279,21.91,0,[FAST MODE - HIGH CONF],164.69,left
1162,potted plant,0.26,21.94,0,[FAST MODE - HIGH CONF],157.97,left
1163,potted plant,0.282,26.08,0,[FAST MODE - HIGH CONF],152.14,left
1164,potted plant,0.254,26.6,0,[FAST MODE - HIGH CONF],152.97,left
1165,potted plant,0.268,26.92,0,[FAST MODE - HIGH CONF],151.87,left
1166,potted plant,0.264,26.92,0,[FAST MODE - HIGH CONF],148.36,left
1167,chair,0.281,25.29,0,[FAST MODE - HIGH CONF],164.0,left
1168,person,0.305,26.79,0,[FAST MODE - HIGH CONF],145.2,left
1169,chair,0.317,25.36,0,[FAST MODE - HIGH CONF],135.71,left
1170,person,0.265,25.66,0,[FAST MODE - HIGH CONF],141.67,left
1171,potted plant,0.258,28.68,0,[FAST MODE - HIGH CONF],148.56,left
1172,person,0.346,26.37,0,[FAST MODE - HIGH CONF],144.56,left
1173,potted plant,0.292,28.41,0,[FAST MODE - HIGH CONF],144.61,left
1174,potted plant,0.269,28.68,0,[FAST MODE - HIGH CONF],151.06,left
1175,chair,0.37,24.06,0,[FAST MODE - HIGH CONF],146.92,left
1176,potted plant,0.317,28.83,0,[FAST MODE - HIGH CONF],152.61,left
1177,chair,0.286,24.69,0,[FAST MODE - HIGH CONF],146.29,left
1178,person,0.312,26.54,0,[FAST MODE - HIGH CONF],155.18,left
1179,chair,0.256,25.33,0,[FAST MODE - HIGH CONF],148.45,left
1180,chair,0.272,24.68,0,[FAST MODE - HIGH CONF],146.84,left
1181,car,0.262,28.16,0,[FAST MODE - HIGH CONF],153.94,left
1182,chair,0.333,24.9,0,[FAST MODE - HIGH CONF],153.19,left
1183,person,0.436,26.68,0,[FAST MODE - HIGH CONF],132.25,left
1184,person,0.43,26.99,0,[FAST MODE - HIGH CONF],142.75,left
1185,person,0.391,26.66,0,[FAST MODE - HIGH CONF],153.07,left
1186,person,0.402,26.66,0,[FAST MODE - HIGH CONF],145.27,left
1187,person,0.285,28.9,0,[FAST MODE - HIGH CONF],147.22,left
1188,person,0.289,28.86,0,[FAST MODE - HIGH CONF],141.36,left
1189,person,0.33,28.72,0,[FAST MODE - HIGH CONF],131.88,left
1190,person,0.341,28.72,0,[FAST MODE - HIGH CONF],130.05,left
1191,potted plant,0.269,19.02,0,[FAST MODE - HIGH CONF],128.75,right
1192,person,0.298,28.75,0,[FAST MODE - HIGH CONF],127.23,left
1193,person,0.256,28.89,0,[FAST MODE - HIGH CONF],124.12,left
1194,chair,0.29,24.53,0,[FAST MODE - HIGH CONF],130.58,left
1195,person,0.284,28.66,0,[FAST MODE - HIGH CONF],138.14,left
1196,person,0.303,26.58,0,[FAST MODE - HIGH CONF],143.74,left
1197,potted plant,0.271,26.93,0,[FAST MODE - HIGH CONF],136.89,left
1198,person,0.325,29.5,0,[FAST MODE - HIGH CONF],134.75,left
1199,person,0.259,29.65,0,[FAST MODE - HIGH CONF],152.53,left
1200,potted plant,0.259,21.91,0,[FAST MODE - HIGH CONF],157.82,right
1201,person,0.288,27.9,0,[FAST MODE - HIGH CONF],159.99,left
1202,person,0.304,28.07,0,[FAST MODE - HIGH CONF],116.74,left
1203,person,0.319,27.56,0,[FAST MODE - HIGH CONF],146.86,left
1204,person,0.275,27.98,0,[FAST MODE - HIGH CONF],159.75,left
1205,chair,0.257,26.16,0,[FAST MODE - HIGH CONF],142.12,left
1206,person,0.303,28.05,0,[FAST MODE - HIGH CONF],132.41,left
1207,person,0.277,28.26,0,[FAST MODE - HIGH CONF],141.09,left
1208,potted plant,0.257,27.77,0,[FAST MODE - HIGH CONF],145.79,left
1209,potted plant,0.284,27.81,0,[FAST MODE - HIGH CONF],132.45,left
1210,person,0.25,27.39,0,[FAST MODE - HIGH CONF],138.18,left
1211,potted plant,0.279,27.93,0,[FAST MODE - HIGH CONF],120.16,left
1212,person,0.285,27.36,0,[FAST MODE - HIGH CONF],126.77,left
1213,person,0.289,28.43,0,[FAST MODE - HIGH CONF],128.49,left
1214,potted plant,0.295,27.68,0,[FAST MODE - HIGH CONF],125.9,left
1215,potted plant,0.287,27.16,0,[FAST MODE - HIGH CONF],125.91,left
1216,potted plant,0.328,27.25,0,[FAST MODE - HIGH CONF],121.36,left
1217,potted plant,0.362,27.72,0,[FAST MODE - HIGH CONF],129.98,left
1218,potted plant,0.361,27.83,0,[FAST MODE - HIGH CONF],130.7,left
1219,person,0.271,29.33,0,[FAST MODE - HIGH CONF],125.41,left
1220,person,0.281,29.14,0,[FAST MODE - HIGH CONF],124.47,left
1221,potted plant,0.28,26.75,0,[FAST MODE - HIGH CONF],126.28,left
1222,chair,0.357,24.34,0,[FAST MODE - HIGH CONF],125.59,left
1223,chair,0.334,24.08,0,[FAST MODE - HIGH CONF],129.53,left
1224,potted plant,0.255,26.86,0,[FAST MODE - HIGH CONF],135.32,left
1225,potted plant,0.264,26.39,0,[FAST MODE - HIGH CONF],141.27,left
1226,potted plant,0.254,27.31,0,[FAST MODE - HIGH CONF],137.05,left
1227,person,0.271,29.44,0,[FAST MODE - HIGH CONF],126.52,left
1228,person,0.269,29.29,0,[FAST MODE - HIGH CONF],125.16,left
1229,person,0.388,26.57,0,[FAST MODE - HIGH CONF],119.99,left
1230,person,0.456,26.42,0,[FAST MODE - HIGH CONF],126.0,left
1231,bench,0.266,24.06,0,[FAST MODE - HIGH CONF],131.96,left
1232,person,0.257,26.07,0,[FAST MODE - HIGH CONF],130.67,left
1233,person,0.259,25.92,0,[FAST MODE - HIGH CONF],134.7,left
1234,person,0.263,27.3,0,[FAST MODE - HIGH CONF],127.92,left
1235,chair,0.267,23.05,0,[FAST MODE - HIGH CONF],122.86,left
1236,person,0.297,28.11,0,[FAST MODE - HIGH CONF],122.42,left
1237,chair,0.343,21.94,0,[FAST MODE - HIGH CONF],144.96,left
1238,potted plant,0.256,26.73,0,[FAST MODE - HIGH CONF],143.05,left
1239,potted plant,0.289,26.28,0,[FAST MODE - HIGH CONF],141.34,left
1240,potted plant,0.289,25.61,0,[FAST MODE - HIGH CONF],144.78,left
1241,potted plant,0.277,28.83,0,[FAST MODE - HIGH CONF],149.87,left
1242,potted plant,0.276,25.58,0,[FAST MODE - HIGH CONF],158.88,left
1243,person,0.438,25.69,0,[FAST MODE - HIGH CONF],166.35,left
1244,person,0.416,26.11,0,[FAST MODE - HIGH CONF],136.16,left
1245,dining table,0.432,22.57,0,[FAST MODE - HIGH CONF],148.93,left
1246,dining table,0.427,21.01,0,[FAST MODE - HIGH CONF],153.49,left
1247,potted plant,0.282,17.51,0,[FAST MODE - HIGH CONF],162.91,left
1248,potted plant,0.407,16.49,0,[FAST MODE - HIGH CONF],163.05,left
1249,potted plant,0.274,24.64,0,[FAST MODE - HIGH CONF],156.22,left
1250,potted plant,0.252,24.56,0,[FAST MODE - HIGH CONF],148.97,left
1251,traffic light,0.262,25.42,0,[FAST MODE - HIGH CONF],153.77,left
1252,dining table,0.358,21.54,0,[FAST MODE - HIGH CONF],141.66,left
1253,dining table,0.253,21.29,0,[FAST MODE - HIGH CONF],151.84,left
1254,dining table,0.262,21.23,0,[FAST MODE - HIGH CONF],163.23,left
1255,potted plant,0.251,24.75,0,[FAST MODE - HIGH CONF],168.8,left
1256,potted plant,0.255,25.22,0,[FAST MODE - HIGH CONF],147.51,left
1257,potted plant,0.266,24.66,0,[FAST MODE - HIGH CONF],165.3,left
1258,potted plant,0.26,24.55,0,[FAST MODE - HIGH CONF],172.58,left
1259,potted plant,0.28,24.25,0,[FAST MODE - HIGH CONF],172.81,left
1260,potted plant,0.267,24.87,0,[FAST MODE - HIGH CONF],158.49,left
1261,potted plant,0.273,16.51,0,[FAST MODE - HIGH CONF],146.17,left
1262,potted plant,0.254,15.63,0,[FAST MODE - HIGH CONF],144.37,left
1263,dining table,0.251,20.84,0,[FAST MODE - HIGH CONF],144.01,left
1264,potted plant,0.266,27.45,0,[FAST MODE - HIGH CONF],129.31,left
1265,potted plant,0.274,16.6,0,[FAST MODE - HIGH CONF],140.37,left
1266,bench,0.261,25.56,0,[FAST MODE - HIGH CONF],144.0,left
1267,bench,0.251,25.75,0,[FAST MODE - HIGH CONF],129.36,left
1268,potted plant,0.25,16.57,0,[FAST MODE - HIGH CONF],161.51,left
1269,person,0.25,24.52,0,[FAST MODE - HIGH CONF],157.74,left
1270,potted plant,0.283,25.04,0,[FAST MODE - HIGH CONF],133.77,left
1271,person,0.257,29.28,0,[FAST MODE - HIGH CONF],181.05,left
1272,person,0.365,24.39,0,[FAST MODE - HIGH CONF],184.78,left
1273,potted plant,0.253,25.96,0,[FAST MODE - HIGH CONF],166.43,left
1274,chair,0.28,19.9,0,[FAST MODE - HIGH CONF],162.26,left
1275,person,0.287,25.88,0,[FAST MODE - HIGH CONF],172.24,left
1276,person,0.306,25.82,0,[FAST MODE - HIGH CONF],163.44,left
1277,dining table,0.261,20.52,0,[FAST MODE - HIGH CONF],167.69,left
1278,potted plant,0.284,22.47,0,[FAST MODE - HIGH CONF],141.32,left
1279,potted plant,0.257,22.85,0,[FAST MODE - HIGH CONF],153.34,left
1280,potted plant,0.281,25.14,0,[FAST MODE - HIGH CONF],175.58,left
1281,potted plant,0.267,24.62,0,[FAST MODE - HIGH CONF],169.24,left
1282,umbrella,0.336,30.11,0,[FAST MODE - HIGH CONF],166.79,left
1283,bench,0.292,18.6,0,[FAST MODE - HIGH CONF],167.89,left
1284,dining table,0.252,20.47,0,[FAST MODE - HIGH CONF],158.07,left
1285,potted plant,0.29,15.46,0,[FAST MODE - HIGH CONF],152.92,left
1286,potted plant,0.283,15.33,0,[FAST MODE - HIGH CONF],162.24,left
1287,chair,0.251,24.56,0,[FAST MODE - HIGH CONF],172.1,left
1288,dining table,0.256,19.89,0,[FAST MODE - HIGH CONF],179.81,left
1289,bench,0.265,18.79,0,[FAST MODE - HIGH CONF],159.26,left
1290,potted plant,0.251,27.05,0,[FAST MODE - HIGH CONF],156.59,left
1291,bench,0.278,18.82,0,[FAST MODE - HIGH CONF],153.7,left
1292,umbrella,0.305,30.22,0,[FAST MODE - HIGH CONF],137.47,left
1293,chair,0.285,23.53,0,[FAST MODE - HIGH CONF],161.29,left
1294,umbrella,0.29,30.5,0,[FAST MODE - HIGH CONF],133.7,left
1295,person,0.316,23.68,0,[FAST MODE - HIGH CONF],128.76,left
1296,person,0.251,22.82,0,[FAST MODE - HIGH CONF],133.17,left
1297,umbrella,0.254,30.35,0,[FAST MODE - HIGH CONF],167.88,left
1298,chair,0.256,24.67,0,[FAST MODE - HIGH CONF],170.95,left
1299,potted plant,0.254,23.89,0,[FAST MODE - HIGH CONF],162.89,left
1300,potted plant,0.263,22.93,0,[FAST MODE - HIGH CONF],166.41,left
1301,potted plant,0.253,23.72,0,[FAST MODE - HIGH CONF],174.75,left
1302,chair,0.254,25.21,0,[FAST MODE - HIGH CONF],177.45,left
1303,umbrella,0.272,29.58,0,[FAST MODE - HIGH CONF],150.45,left
1304,potted plant,0.286,24.96,0,[FAST MODE - HIGH CONF],149.32,left
1305,chair,0.264,24.69,0,[FAST MODE - HIGH CONF],152.69,left
1306,chair,0.254,21.42,0,[FAST MODE - HIGH CONF],142.11,left
1307,potted plant,0.254,23.09,0,[FAST MODE - HIGH CONF],135.52,left
1308,dining table,0.273,18.29,0,[FAST MODE - HIGH CONF],172.64,left
1309,person,0.288,22.98,0,[FAST MODE - HIGH CONF],163.04,left
1310,chair,0.257,25.47,0,[FAST MODE - HIGH CONF],176.49,left
1311,person,0.256,28.44,0,[FAST MODE - HIGH CONF],149.07,left
1312,person,0.266,23.85,0,[FAST MODE - HIGH CONF],170.11,left
1313,potted plant,0.255,24.67,0,[FAST MODE - HIGH CONF],149.3,left
1314,potted plant,0.258,14.02,0,[FAST MODE - HIGH CONF],148.42,left
1315,potted plant,0.261,27.52,0,[FAST MODE - HIGH CONF],157.5,left
1316,potted plant,0.268,22.26,0,[FAST MODE - HIGH CONF],167.76,left
1317,chair,0.256,25.15,0,[FAST MODE - HIGH CONF],174.92,left
1318,potted plant,0.255,24.0,0,[FAST MODE - HIGH CONF],166.88,left
1319,chair,0.263,25.88,0,[FAST MODE - HIGH CONF],132.39,left
1320,person,0.311,20.83,0,[FAST MODE - HIGH CONF],145.26,left
1321,chair,0.311,25.09,0,[FAST MODE - HIGH CONF],156.54,left
1322,person,0.287,23.62,0,[FAST MODE - HIGH CONF],160.9,left
1323,bench,0.286,25.72,0,[FAST MODE - HIGH CONF],115.31,left
1324,potted plant,0.265,26.24,0,[FAST MODE - HIGH CONF],113.58,left
1325,umbrella,0.273,30.56,0,[FAST MODE - HIGH CONF],162.25,left
1326,bench,0.262,18.95,0,[FAST MODE - HIGH CONF],182.84,left
1327,person,0.269,28.59,0,[FAST MODE - HIGH CONF],161.14,left
1328,potted plant,0.252,25.52,0,[FAST MODE - HIGH CONF],164.41,left
1329,person,0.252,23.52,0,[FAST MODE - HIGH CONF],165.72,left
1330,chair,0.253,25.0,0,[FAST MODE - HIGH CONF],177.09,left
1331,person,0.26,23.35,0,[FAST MODE - HIGH CONF],182.19,left
1332,person,0.252,24.39,0,[FAST MODE - HIGH CONF],173.19,left
1333,bench,0.269,16.23,0,[FAST MODE - HIGH CONF],179.63,left
1334,person,0.279,29.21,0,[FAST MODE - HIGH CONF],174.86,left
1335,bench,0.254,25.1,0,[FAST MODE - HIGH CONF],153.68,left
1336,dining table,0.25,15.97,0,[FAST MODE - HIGH CONF],173.36,left
1337,dining table,0.264,17.22,0,[FAST MODE - HIGH CONF],156.26,left
1338,dining table,0.289,16.86,0,[FAST MODE - HIGH CONF],162.22,left
1339,dining table,0.28,16.1,0,[FAST MODE - HIGH CONF],155.92,left
1340,potted plant,0.277,25.61,0,[FAST MODE - HIGH CONF],149.71,left
1341,dining table,0.273,16.56,0,[FAST MODE - HIGH CONF],157.82,left
1342,dining table,0.272,15.09,0,[FAST MODE - HIGH CONF],149.09,left
1343,person,0.321,28.67,0,[FAST MODE - HIGH CONF],145.05,left
1344,dining table,0.381,15.77,0,[FAST MODE - HIGH CONF],160.22,left
1345,dining table,0.299,15.48,0,[FAST MODE - HIGH CONF],164.55,left
1346,dining table,0.329,15.46,0,[FAST MODE - HIGH CONF],150.86,left
1347,person,0.281,28.17,0,[FAST MODE - HIGH CONF],127.89,left
1348,bench,0.258,16.19,0,[FAST MODE - HIGH CONF],135.13,left
1349,potted plant,0.277,22.09,0,[FAST MODE - HIGH CONF],132.43,left
1350,person,0.252,27.9,0,[FAST MODE - HIGH CONF],151.98,left
1351,potted plant,0.295,22.09,0,[FAST MODE - HIGH CONF],158.79,left
1352,dining table,0.296,15.6,0,[FAST MODE - HIGH CONF],145.58,left
1353,bench,0.253,16.09,0,[FAST MODE - HIGH CONF],160.19,left
1354,dining table,0.302,15.23,0,[FAST MODE - HIGH CONF],156.3,left
1355,chair,0.254,23.81,0,[FAST MODE - HIGH CONF],156.77,left
1356,dining table,0.265,15.49,0,[FAST MODE - HIGH CONF],135.48,left
1357,potted plant,0.276,25.26,0,[FAST MODE - HIGH CONF],170.32,left
1358,potted plant,0.255,25.09,0,[FAST MODE - HIGH CONF],158.47,left
1359,chair,0.25,24.67,0,[FAST MODE - HIGH CONF],162.75,left
1360,potted plant,0.269,19.97,0,[FAST MODE - HIGH CONF],160.17,left
1361,person,0.266,21.15,0,[FAST MODE - HIGH CONF],159.84,left
1362,potted plant,0.305,20.75,0,[FAST MODE - HIGH CONF],150.08,left
1363,chair,0.282,23.74,0,[FAST MODE - HIGH CONF],141.29,left
1364,chair,0.255,23.25,0,[FAST MODE - HIGH CONF],164.71,left
1365,person,0.318,19.92,0,[FAST MODE - HIGH CONF],172.52,left
1366,bench,0.256,13.69,0,[FAST MODE - HIGH CONF],174.9,left
1367,dining table,0.25,14.71,0,[FAST MODE - HIGH CONF],161.54,left
1368,bench,0.253,15.71,0,[FAST MODE - HIGH CONF],127.87,left
1369,bench,0.261,18.4,0,[FAST MODE - HIGH CONF],132.24,left
1370,bench,0.295,24.38,0,[FAST MODE - HIGH CONF],143.3,left
1371,potted plant,0.261,24.94,0,[FAST MODE - HIGH CONF],144.79,left
1372,person,0.254,28.41,0,[FAST MODE - HIGH CONF],158.08,left
1373,potted plant,0.258,17.93,0,[FAST MODE - HIGH CONF],172.73,right
1374,bench,0.253,13.69,0,[FAST MODE - HIGH CONF],172.1,left
1375,person,0.287,24.83,0,[FAST MODE - HIGH CONF],181.45,left
1376,chair,0.265,19.77,0,[FAST MODE - HIGH CONF],188.01,left
1377,dining table,0.28,12.67,0,[FAST MODE - HIGH CONF],175.05,left
1378,dining table,0.259,13.89,0,[FAST MODE - HIGH CONF],151.49,left
1379,person,0.253,29.18,0,[FAST MODE - HIGH CONF],172.51,left
1380,bench,0.278,12.67,0,[FAST MODE - HIGH CONF],178.87,left
1381,bench,0.264,13.25,0,[FAST MODE - HIGH CONF],159.51,left
1382,bench,0.273,16.64,0,[FAST MODE - HIGH CONF],147.64,left
1383,person,0.308,27.69,0,[FAST MODE - HIGH CONF],150.18,left
1384,bench,0.254,16.09,0,[FAST MODE - HIGH CONF],129.48,left
1385,bench,0.318,24.17,0,[FAST MODE - HIGH CONF],128.92,left
1386,bench,0.279,23.43,0,[FAST MODE - HIGH CONF],141.4,left
1387,bench,0.276,14.18,0,[FAST MODE - HIGH CONF],136.47,left
1388,person,0.261,19.7,0,[FAST MODE - HIGH CONF],131.82,left
1389,bench,0.264,10.25,0,[FAST MODE - HIGH CONF],139.72,left
1390,person,0.284,21.92,0,[FAST MODE - HIGH CONF],150.19,left
1391,person,0.253,19.93,0,[FAST MODE - HIGH CONF],135.04,left
1392,person,0.317,25.81,0,[FAST MODE - HIGH CONF],136.31,left
1393,bench,0.273,10.98,0,[FAST MODE - HIGH CONF],137.44,left
1394,bench,0.254,12.23,0,[FAST MODE - HIGH CONF],129.75,left
1395,bench,0.281,12.09,0,[FAST MODE - HIGH CONF],143.48,left
1396,bench,0.274,11.48,0,[FAST MODE - HIGH CONF],283.86,left
1397,chair,0.284,22.86,0,[FAST MODE - HIGH CONF],156.43,left
1398,bench,0.28,10.04,0,[FAST MODE - HIGH CONF],156.65,left
1399,bench,0.256,10.14,0,[FAST MODE - HIGH CONF],159.15,left
1400,dining table,0.335,10.13,0,[FAST MODE - HIGH CONF],141.17,left
1401,dining table,0.283,9.63,0,[FAST MODE - TOO CLOSE],153.18,left
1402,person,0.267,19.73,0,[FAST MODE - HIGH CONF],147.86,left
1403,person,0.362,26.84,0,[FAST MODE - HIGH CONF],152.06,left
1404,potted plant,0.286,14.93,0,[FAST MODE - HIGH CONF],137.1,right
1405,bench,0.253,9.52,0,[FAST MODE - TOO CLOSE],135.24,left
1406,person,0.252,28.47,0,[FAST MODE - HIGH CONF],132.08,left
1407,potted plant,0.27,22.34,0,[FAST MODE - HIGH CONF],148.19,left
1408,potted plant,0.253,19.8,0,[FAST MODE - HIGH CONF],149.28,left
1409,potted plant,0.272,21.93,0,[FAST MODE - HIGH CONF],145.35,left
1410,potted plant,0.279,17.07,0,[FAST MODE - HIGH CONF],141.77,right
1411,person,0.261,19.05,0,[FAST MODE - HIGH CONF],148.66,left
1412,chair,0.331,23.28,0,[FAST MODE - HIGH CONF],145.33,left
1413,potted plant,0.276,16.42,0,[FAST MODE - HIGH CONF],150.34,right
1414,dining table,0.251,11.73,0,[FAST MODE - HIGH CONF],158.96,left
1415,bench,0.278,23.96,0,[FAST MODE - HIGH CONF],146.12,left
1416,person,0.258,28.58,0,[FAST MODE - HIGH CONF],161.0,left
1417,person,0.384,26.39,0,[FAST MODE - HIGH CONF],158.05,left
1418,person,0.279,19.65,0,[FAST MODE - HIGH CONF],146.43,left
1419,person,0.291,26.89,0,[FAST MODE - HIGH CONF],147.89,left
1420,bench,0.261,22.94,0,[FAST MODE - HIGH CONF],146.81,left
1421,chair,0.266,19.22,0,[FAST MODE - HIGH CONF],156.78,left
1422,person,0.27,23.52,0,[FAST MODE - HIGH CONF],153.34,left
1423,bench,0.26,23.36,0,[FAST MODE - HIGH CONF],178.53,left
1424,bench,0.281,23.69,0,[FAST MODE - HIGH CONF],142.93,left
1425,bench,0.323,22.89,0,[FAST MODE - HIGH CONF],162.78,left
1426,person,0.294,27.24,0,[FAST MODE - HIGH CONF],180.59,left
1427,bench,0.274,22.12,0,[FAST MODE - HIGH CONF],175.81,left
1428,person,0.26,19.57,0,[FAST MODE - HIGH CONF],172.99,left
1429,chair,0.27,12.51,0,[FAST MODE - HIGH CONF],165.16,left
1430,chair,0.312,16.84,0,[FAST MODE - HIGH CONF],154.91,left
1431,bicycle,0.251,28.33,0,[FAST MODE - HIGH CONF],148.92,left
1432,potted plant,0.256,21.53,0,[FAST MODE - HIGH CONF],147.46,left
1433,bicycle,0.27,28.37,0,[FAST MODE - HIGH CONF],194.1,left
1434,person,0.272,26.99,0,[FAST MODE - HIGH CONF],171.62,left
1435,bench,0.266,22.21,0,[FAST MODE - HIGH CONF],167.04,left
1436,bench,0.257,21.85,0,[FAST MODE - HIGH CONF],158.96,left
1437,dining table,0.254,12.09,0,[FAST MODE - HIGH CONF],171.64,left
1438,person,0.261,26.63,0,[FAST MODE - HIGH CONF],170.25,left
1439,person,0.286,27.06,0,[FAST MODE - HIGH CONF],169.8,left
1440,chair,0.259,17.57,0,[FAST MODE - HIGH CONF],178.87,left
1441,chair,0.259,17.7,0,[FAST MODE - HIGH CONF],187.02,left
1442,chair,0.265,17.93,0,[FAST MODE - HIGH CONF],186.14,left
1443,person,0.251,27.28,0,[FAST MODE - HIGH CONF],183.61,left
1444,person,0.265,26.06,0,[FAST MODE - HIGH CONF],167.14,left
1445,chair,0.268,19.61,0,[FAST MODE - HIGH CONF],160.69,left
1446,person,0.279,25.77,0,[FAST MODE - HIGH CONF],178.69,left
1447,person,0.25,26.44,0,[FAST MODE - HIGH CONF],186.61,left
1448,person,0.259,26.59,0,[FAST MODE - HIGH CONF],162.32,left
1449,person,0.271,27.1,0,[FAST MODE - HIGH CONF],148.8,left
1450,person,0.258,25.89,0,[FAST MODE - HIGH CONF],173.24,left
1451,person,0.256,23.89,0,[FAST MODE - HIGH CONF],164.04,left
1452,person,0.265,25.82,0,[FAST MODE - HIGH CONF],151.88,left
1453,person,0.27,25.91,0,[FAST MODE - HIGH CONF],146.72,left
1454,chair,0.253,22.01,0,[FAST MODE - HIGH CONF],147.26,left
1455,person,0.258,26.95,0,[FAST MODE - HIGH CONF],152.32,left
1456,person,0.251,25.7,0,[FAST MODE - HIGH CONF],135.41,left
1457,person,0.259,23.7,0,[FAST MODE - HIGH CONF],138.39,left
1458,chair,0.263,17.86,0,[FAST MODE - HIGH CONF],138.11,left
1459,person,0.276,20.43,0,[FAST MODE - HIGH CONF],135.17,left
1460,person,0.297,20.93,0,[FAST MODE - HIGH CONF],145.06,left
1461,bench,0.28,22.04,0,[FAST MODE - HIGH CONF],163.88,left
1462,bench,0.254,9.57,0,[FAST MODE - TOO CLOSE],181.25,left
1463,potted plant,0.251,10.95,0,[FAST MODE - HIGH CONF],175.64,right
1464,potted plant,0.314,10.0,0,[FAST MODE - HIGH CONF],161.2,right
1465,potted plant,0.276,11.53,0,[FAST MODE - HIGH CONF],163.93,right
1466,bench,0.273,14.72,0,[FAST MODE - HIGH CONF],168.86,left
1467,person,0.555,22.64,0,[FAST MODE - HIGH CONF],164.02,left
1468,potted plant,0.252,11.47,0,[FAST MODE - HIGH CONF],159.56,right
1469,person,0.265,28.74,0,[FAST MODE - HIGH CONF],162.17,left
1470,potted plant,0.335,12.15,0,[FAST MODE - HIGH CONF],158.91,right
1471,potted plant,0.251,11.34,0,[FAST MODE - HIGH CONF],148.23,right
1472,person,0.259,28.7,0,[FAST MODE - HIGH CONF],119.39,left
1473,person,0.274,15.87,0,[FAST MODE - HIGH CONF],163.28,left
1474,chair,0.251,16.26,0,[FAST MODE - HIGH CONF],165.78,left
1475,person,0.257,25.14,0,[FAST MODE - HIGH CONF],168.45,left
1476,potted plant,0.253,18.82,0,[FAST MODE - HIGH CONF],141.94,left
1477,dining table,0.279,8.85,0,[FAST MODE - TOO CLOSE],134.92,left
1478,person,0.314,25.02,0,[FAST MODE - HIGH CONF],140.85,left
1479,dining table,0.252,7.75,0,[FAST MODE - TOO CLOSE],155.12,left
1480,person,0.364,28.44,0,[FAST MODE - HIGH CONF],165.24,left
1481,person,0.275,25.39,0,[FAST MODE - HIGH CONF],180.82,left
1482,person,0.298,28.29,0,[FAST MODE - HIGH CONF],169.63,left
1483,dining table,0.251,8.58,0,[FAST MODE - TOO CLOSE],154.76,left
1484,person,0.261,26.21,0,[FAST MODE - HIGH CONF],173.58,left
1485,potted plant,0.289,8.55,0,[FAST MODE - TOO CLOSE],172.33,right
1486,person,0.316,25.8,0,[FAST MODE - HIGH CONF],177.03,left
1487,dining table,0.253,8.37,0,[FAST MODE - TOO CLOSE],157.23,left
1488,person,0.37,28.09,0,[FAST MODE - HIGH CONF],166.18,left
1489,person,0.257,22.77,0,[FAST MODE - HIGH CONF],169.56,left
1490,person,0.337,28.38,0,[FAST MODE - HIGH CONF],165.44,left
1491,potted plant,0.275,18.3,0,[FAST MODE - HIGH CONF],158.83,left
1492,person,0.255,24.22,0,[FAST MODE - HIGH CONF],168.39,left
1493,potted plant,0.277,18.53,0,[FAST MODE - HIGH CONF],154.87,left
1494,person,0.254,21.87,0,[FAST MODE - HIGH CONF],164.38,left
1495,person,0.265,25.68,0,[FAST MODE - HIGH CONF],157.93,left
1496,person,0.26,28.77,0,[FAST MODE - HIGH CONF],158.27,left
1497,person,0.294,25.07,0,[FAST MODE - HIGH CONF],168.83,left
1498,chair,0.312,12.73,0,[FAST MODE - HIGH CONF],154.81,left
1499,person,0.272,25.8,0,[FAST MODE - HIGH CONF],168.21,left
1500,potted plant,0.256,28.02,0,[FAST MODE - HIGH CONF],163.52,left
1501,chair,0.258,12.64,0,[FAST MODE - HIGH CONF],163.91,left
1502,potted plant,0.278,28.26,0,[FAST MODE - HIGH CONF],161.01,left
1503,person,0.256,15.86,0,[FAST MODE - HIGH CONF],173.84,left
1504,person,0.267,25.37,0,[FAST MODE - HIGH CONF],160.78,left
1505,person,0.268,25.16,0,[FAST MODE - HIGH CONF],160.92,left
1506,potted plant,0.255,27.74,0,[FAST MODE - HIGH CONF],165.85,left
1507,person,0.277,25.49,0,[FAST MODE - HIGH CONF],151.59,left
1508,person,0.254,25.78,0,[FAST MODE - HIGH CONF],157.46,left
1509,person,0.285,26.56,0,[FAST MODE - HIGH CONF],135.22,left
1510,person,0.256,28.98,0,[FAST MODE - HIGH CONF],153.68,left
1511,person,0.25,25.48,0,[FAST MODE - HIGH CONF],155.47,left
1512,chair,0.261,10.42,0,[FAST MODE - HIGH CONF],151.82,left
1513,person,0.255,29.24,0,[FAST MODE - HIGH CONF],176.71,left
1514,person,0.252,28.72,0,[FAST MODE - HIGH CONF],160.13,left
1515,person,0.261,25.97,0,[FAST MODE - HIGH CONF],154.31,left
1516,potted plant,0.27,10.57,0,[FAST MODE - HIGH CONF],162.27,right
1517,person,0.297,26.06,0,[FAST MODE - HIGH CONF],148.86,left
1518,potted plant,0.299,11.08,0,[FAST MODE - HIGH CONF],141.74,right
1519,potted plant,0.276,11.23,0,[FAST MODE - HIGH CONF],167.49,right
1520,potted plant,0.299,10.86,0,[FAST MODE - HIGH CONF],175.26,right
1521,person,0.257,28.52,0,[FAST MODE - HIGH CONF],175.99,left
1522,dining table,0.255,13.15,0,[FAST MODE - HIGH CONF],173.2,left
1523,person,0.332,24.56,0,[FAST MODE - HIGH CONF],168.72,left
1524,potted plant,0.257,10.1,0,[FAST MODE - HIGH CONF],170.31,right
1525,person,0.36,28.58,0,[FAST MODE - HIGH CONF],175.62,left
1526,bench,0.274,11.37,0,[FAST MODE - HIGH CONF],159.56,left
1527,bench,0.304,12.02,0,[FAST MODE - HIGH CONF],171.77,left
1528,person,0.281,27.93,0,[FAST MODE - HIGH CONF],170.1,left
1529,potted plant,0.278,27.93,0,[FAST MODE - HIGH CONF],177.05,left
1530,person,0.26,28.77,0,[FAST MODE - HIGH CONF],179.58,left
1531,potted plant,0.275,27.74,0,[FAST MODE - HIGH CONF],164.48,left
1532,potted plant,0.25,10.15,0,[FAST MODE - HIGH CONF],146.37,right
1533,person,0.273,12.56,0,[FAST MODE - HIGH CONF],129.33,left
1534,person,0.311,26.55,0,[FAST MODE - HIGH CONF],154.23,left
1535,person,0.287,26.7,0,[FAST MODE - HIGH CONF],158.09,left
1536,potted plant,0.261,27.98,0,[FAST MODE - HIGH CONF],172.46,left
1537,person,0.26,26.62,0,[FAST MODE - HIGH CONF],186.39,left
1538,potted plant,0.265,27.97,0,[FAST MODE - HIGH CONF],234.05,left
1539,person,0.255,26.82,0,[FAST MODE - HIGH CONF],186.68,left
1540,potted plant,0.266,28.44,0,[FAST MODE - HIGH CONF],177.42,left
1541,person,0.258,18.93,0,[FAST MODE - HIGH CONF],163.54,left
1542,person,0.271,26.8,0,[FAST MODE - HIGH CONF],193.37,left
1543,person,0.281,26.88,0,[FAST MODE - HIGH CONF],162.48,left
1544,potted plant,0.263,25.71,0,[FAST MODE - HIGH CONF],164.64,left
1545,potted plant,0.275,28.51,0,[FAST MODE - HIGH CONF],150.29,left
1546,potted plant,0.279,28.45,0,[FAST MODE - HIGH CONF],159.61,left
1547,potted plant,0.269,28.07,0,[FAST MODE - HIGH CONF],133.35,left
1548,person,0.31,24.22,0,[FAST MODE - HIGH CONF],168.55,left
1549,person,0.269,24.79,0,[FAST MODE - HIGH CONF],159.37,left
1550,potted plant,0.299,25.65,0,[FAST MODE - HIGH CONF],145.95,left
1551,potted plant,0.29,24.97,0,[FAST MODE - HIGH CONF],178.09,left
1552,potted plant,0.259,23.67,0,[FAST MODE - HIGH CONF],163.25,left
1553,person,0.255,22.91,0,[FAST MODE - HIGH CONF],171.92,left
1554,person,0.268,28.01,0,[FAST MODE - HIGH CONF],198.01,left
1555,potted plant,0.313,27.41,0,[FAST MODE - HIGH CONF],163.47,left
1556,person,0.257,25.78,0,[FAST MODE - HIGH CONF],177.64,left
1557,person,0.291,28.03,0,[FAST MODE - HIGH CONF],127.17,left
1558,person,0.253,24.44,0,[FAST MODE - HIGH CONF],135.53,left
1559,person,0.265,24.55,0,[FAST MODE - HIGH CONF],144.86,left
1560,potted plant,0.254,27.89,0,[FAST MODE - HIGH CONF],156.48,left
1561,potted plant,0.254,28.64,0,[FAST MODE - HIGH CONF],148.61,left
1562,chair,0.555,15.36,0,[FAST MODE - HIGH CONF],113.76,left
1563,person,0.639,26.13,0,[FAST MODE - HIGH CONF],113.75,left
1564,person,0.565,25.37,0,[FAST MODE - HIGH CONF],115.98,left
1565,person,0.288,24.1,0,[FAST MODE - HIGH CONF],154.27,left
1566,potted plant,0.355,25.2,0,[FAST MODE - HIGH CONF],156.77,left
1567,potted plant,0.267,23.17,0,[FAST MODE - HIGH CONF],168.4,left
1568,bicycle,0.276,29.69,0,[FAST MODE - HIGH CONF],172.8,left
1569,potted plant,0.265,16.57,0,[FAST MODE - HIGH CONF],165.87,left
1570,potted plant,0.269,17.25,0,[FAST MODE - HIGH CONF],144.69,left
1571,potted plant,0.269,23.97,0,[FAST MODE - HIGH CONF],140.86,left
1572,person,0.255,26.06,0,[FAST MODE - HIGH CONF],148.95,left
1573,potted plant,0.253,26.38,0,[FAST MODE - HIGH CONF],154.9,left
1574,potted plant,0.273,25.13,0,[FAST MODE - HIGH CONF],142.01,left
1575,potted plant,0.256,25.9,0,[FAST MODE - HIGH CONF],142.22,left
1576,potted plant,0.259,27.76,0,[FAST MODE - HIGH CONF],129.26,left
1577,chair,0.295,11.74,0,[FAST MODE - HIGH CONF],139.46,left
1578,potted plant,0.296,26.41,0,[FAST MODE - HIGH CONF],127.37,left
1579,potted plant,0.302,27.29,0,[FAST MODE - HIGH CONF],115.17,left
1580,potted plant,0.329,27.29,0,[FAST MODE - HIGH CONF],129.61,left
1581,potted plant,0.261,27.89,0,[FAST MODE - HIGH CONF],142.35,left
1582,dining table,0.256,11.66,0,[FAST MODE - HIGH CONF],151.15,left
1583,bench,0.411,16.61,0,[FAST MODE - HIGH CONF],163.2,left
1584,bench,0.29,16.38,0,[FAST MODE - HIGH CONF],129.88,left
1585,potted plant,0.265,21.59,0,[FAST MODE - HIGH CONF],130.35,left
1586,chair,0.489,12.01,0,[FAST MODE - HIGH CONF],146.86,left
1587,potted plant,0.256,23.71,0,[FAST MODE - HIGH CONF],149.65,left
1588,potted plant,0.251,23.41,0,[FAST MODE - HIGH CONF],161.2,left
1589,potted plant,0.301,23.94,0,[FAST MODE - HIGH CONF],170.41,left
1590,potted plant,0.284,24.63,0,[FAST MODE - HIGH CONF],162.68,left
1591,potted plant,0.25,25.23,0,[FAST MODE - HIGH CONF],173.17,left
1592,potted plant,0.306,25.31,0,[FAST MODE - HIGH CONF],129.55,left
1593,potted plant,0.337,23.46,0,[FAST MODE - HIGH CONF],135.42,left
1594,potted plant,0.26,24.39,0,[FAST MODE - HIGH CONF],133.6,left
1595,potted plant,0.252,26.47,0,[FAST MODE - HIGH CONF],151.76,left
1596,potted plant,0.299,26.82,0,[FAST MODE - HIGH CONF],150.36,left
1597,person,0.356,26.4,0,[FAST MODE - HIGH CONF],147.84,left
1598,car,0.271,24.38,0,[FAST MODE - HIGH CONF],154.38,right
1599,car,0.323,24.4,0,[FAST MODE - HIGH CONF],164.3,right
1600,car,0.26,25.06,0,[FAST MODE - HIGH CONF],182.99,right
1601,car,0.291,26.2,0,[FAST MODE - HIGH CONF],149.42,right
1602,potted plant,0.282,24.36,0,[FAST MODE - HIGH CONF],169.08,left
1603,car,0.281,25.5,0,[FAST MODE - HIGH CONF],165.46,right
1604,potted plant,0.269,27.04,0,[FAST MODE - HIGH CONF],244.45,left
1605,chair,0.698,15.53,0,[FAST MODE - HIGH CONF],148.73,left
1606,chair,0.51,10.62,0,[FAST MODE - HIGH CONF],163.9,left
1607,chair,0.637,12.02,0,[FAST MODE - HIGH CONF],163.4,left
1608,chair,0.275,14.16,0,[FAST MODE - HIGH CONF],165.88,left
1609,person,0.271,28.34,0,[FAST MODE - HIGH CONF],165.61,left
1610,chair,0.649,11.96,0,[FAST MODE - HIGH CONF],123.22,left
1611,potted plant,0.264,5.57,0,[FAST MODE - TOO CLOSE],149.87,right
1612,chair,0.648,16.76,0,[FAST MODE - HIGH CONF],146.37,left
1613,chair,0.277,14.51,0,[FAST MODE - HIGH CONF],150.15,left
1614,chair,0.469,14.1,0,[FAST MODE - HIGH CONF],151.63,left
1615,chair,0.359,12.08,0,[FAST MODE - HIGH CONF],150.27,left
1616,chair,0.469,11.95,0,[FAST MODE - HIGH CONF],150.74,left
1617,chair,0.363,13.03,0,[FAST MODE - HIGH CONF],156.55,left
1618,chair,0.528,11.26,0,[FAST MODE - HIGH CONF],158.41,left
1619,person,0.295,26.96,0,[FAST MODE - HIGH CONF],162.01,left
1620,person,0.33,27.3,0,[FAST MODE - HIGH CONF],162.66,left
1621,person,0.258,27.79,0,[FAST MODE - HIGH CONF],164.43,left
1622,person,0.291,28.15,0,[FAST MODE - HIGH CONF],161.75,left
1623,bench,0.415,10.23,0,[FAST MODE - HIGH CONF],146.34,left
1624,chair,0.35,12.9,0,[FAST MODE - HIGH CONF],131.73,left
1625,chair,0.466,12.44,0,[FAST MODE - HIGH CONF],118.98,left
1626,chair,0.343,11.24,0,[FAST MODE - HIGH CONF],152.11,left
1627,chair,0.472,11.29,0,[FAST MODE - HIGH CONF],140.09,left
1628,person,0.293,28.18,0,[FAST MODE - HIGH CONF],139.86,left
1629,person,0.257,28.11,0,[FAST MODE - HIGH CONF],231.95,right
1630,person,0.255,28.16,0,[FAST MODE - HIGH CONF],128.02,left
1631,chair,0.277,10.23,0,[FAST MODE - HIGH CONF],145.53,left
1632,person,0.261,28.59,0,[FAST MODE - HIGH CONF],156.92,left
1633,person,0.277,26.82,0,[FAST MODE - HIGH CONF],171.79,left
1634,person,0.289,28.02,0,[FAST MODE - HIGH CONF],142.88,left
1635,chair,0.612,15.83,0,[FAST MODE - HIGH CONF],163.78,left
1636,person,0.275,27.75,0,[FAST MODE - HIGH CONF],157.34,right
1637,person,0.272,28.27,0,[FAST MODE - HIGH CONF],135.09,right
1638,person,0.305,27.1,0,[FAST MODE - HIGH CONF],149.5,left
1639,person,0.283,26.77,0,[FAST MODE - HIGH CONF],148.33,left
1640,bench,0.264,7.15,0,[FAST MODE - TOO CLOSE],151.47,left
1641,person,0.361,27.15,0,[FAST MODE - HIGH CONF],152.98,right
1642,person,0.262,26.82,0,[FAST MODE - HIGH CONF],151.75,right
1643,bench,0.364,6.16,0,[FAST MODE - TOO CLOSE],159.69,left
1644,person,0.256,26.72,0,[FAST MODE - HIGH CONF],143.27,left
1645,person,0.286,26.6,0,[FAST MODE - HIGH CONF],171.06,left
1646,person,0.308,26.5,0,[FAST MODE - HIGH CONF],156.39,left
1647,person,0.277,26.24,0,[FAST MODE - HIGH CONF],144.78,left
1648,bench,0.369,4.25,0,[FAST MODE - TOO CLOSE],152.28,left
1649,person,0.344,26.78,0,[FAST MODE - HIGH CONF],157.02,left
1650,person,0.25,26.39,0,[FAST MODE - HIGH CONF],170.05,left
1651,person,0.279,26.8,0,[FAST MODE - HIGH CONF],167.67,left
1652,bench,0.312,5.72,0,[FAST MODE - TOO CLOSE],144.7,left
1653,person,0.256,26.89,0,[FAST MODE - HIGH CONF],164.62,right
1654,person,0.428,27.12,0,[FAST MODE - HIGH CONF],146.54,right
1655,person,0.492,26.87,0,[FAST MODE - HIGH CONF],142.3,right
1656,potted plant,0.279,25.68,0,[FAST MODE - HIGH CONF],163.26,left
1657,bench,0.281,8.41,0,[FAST MODE - TOO CLOSE],169.0,left
1658,person,0.257,27.72,0,[FAST MODE - HIGH CONF],146.5,left
1659,person,0.26,28.26,0,[FAST MODE - HIGH CONF],147.58,left
1660,person,0.273,28.04,0,[FAST MODE - HIGH CONF],150.49,left
1661,person,0.375,27.08,0,[FAST MODE - HIGH CONF],140.85,right
1662,person,0.272,27.25,0,[FAST MODE - HIGH CONF],156.53,left
1663,person,0.266,27.05,0,[FAST MODE - HIGH CONF],142.28,left
1664,person,0.25,27.35,0,[FAST MODE - HIGH CONF],161.73,right
1665,person,0.285,27.49,0,[FAST MODE - HIGH CONF],169.16,left
1666,person,0.359,28.03,0,[FAST MODE - HIGH CONF],157.74,right
1667,person,0.262,27.14,0,[FAST MODE - HIGH CONF],174.87,left
1668,person,0.258,26.59,0,[FAST MODE - HIGH CONF],168.99,left
1669,person,0.258,26.63,0,[FAST MODE - HIGH CONF],180.93,left
1670,person,0.251,27.4,0,[FAST MODE - HIGH CONF],157.84,left
1671,person,0.49,27.45,0,[FAST MODE - HIGH CONF],171.96,right
1672,person,0.262,27.84,0,[FAST MODE - HIGH CONF],162.38,right
1673,person,0.264,27.89,0,[FAST MODE - HIGH CONF],135.28,right
1674,person,0.43,27.77,0,[FAST MODE - HIGH CONF],153.48,right
1675,person,0.308,27.92,0,[FAST MODE - HIGH CONF],170.13,right
1676,person,0.555,26.46,0,[FAST MODE - HIGH CONF],247.15,left
1677,person,0.261,26.54,0,[FAST MODE - HIGH CONF],159.94,left
1678,bench,0.306,6.72,0,[FAST MODE - TOO CLOSE],163.32,left
1679,person,0.383,26.86,0,[FAST MODE - HIGH CONF],156.45,left
1680,person,0.387,26.46,0,[FAST MODE - HIGH CONF],146.37,left
1681,person,0.29,26.54,0,[FAST MODE - HIGH CONF],138.19,left
1682,bench,0.283,5.29,0,[FAST MODE - TOO CLOSE],150.85,left
1683,person,0.277,28.63,0,[FAST MODE - HIGH CONF],160.79,right
1684,person,0.255,28.46,0,[FAST MODE - HIGH CONF],163.56,left
1685,person,0.272,29.06,0,[FAST MODE - HIGH CONF],150.37,right
1686,person,0.275,28.23,0,[FAST MODE - HIGH CONF],145.61,left
1687,person,0.283,28.25,0,[FAST MODE - HIGH CONF],156.19,right
1688,person,0.364,27.8,0,[FAST MODE - HIGH CONF],198.07,right
1689,person,0.369,28.75,0,[FAST MODE - HIGH CONF],175.89,right
1690,person,0.252,28.3,0,[FAST MODE - HIGH CONF],151.63,left
1691,person,0.344,27.92,0,[FAST MODE - HIGH CONF],198.77,right
1692,person,0.291,28.3,0,[FAST MODE - HIGH CONF],141.48,right
1693,person,0.602,28.1,0,[FAST MODE - HIGH CONF],194.13,left
1694,person,0.26,28.12,0,[FAST MODE - HIGH CONF],163.9,left
1695,person,0.293,28.7,0,[FAST MODE - HIGH CONF],162.86,left
1696,person,0.25,28.48,0,[FAST MODE - HIGH CONF],157.6,left
1697,person,0.263,28.44,0,[FAST MODE - HIGH CONF],155.14,left
1698,person,0.251,28.7,0,[FAST MODE - HIGH CONF],161.09,right
1699,person,0.295,28.13,0,[FAST MODE - HIGH CONF],149.19,right
1700,person,0.342,27.9,0,[FAST MODE - HIGH CONF],151.97,right
1701,person,0.253,27.78,0,[FAST MODE - HIGH CONF],141.82,left
1702,person,0.321,28.15,0,[FAST MODE - HIGH CONF],165.12,left
1703,person,0.269,27.72,0,[FAST MODE - HIGH CONF],141.99,right
1704,person,0.291,28.07,0,[FAST MODE - HIGH CONF],142.62,left
1705,person,0.253,27.58,0,[FAST MODE - HIGH CONF],143.73,left
1706,person,0.255,26.86,0,[FAST MODE - HIGH CONF],141.5,left
1707,person,0.257,28.5,0,[FAST MODE - HIGH CONF],152.72,left
1708,person,0.563,28.37,0,[FAST MODE - HIGH CONF],164.49,left
1709,person,0.426,27.95,0,[FAST MODE - HIGH CONF],167.64,left
1710,person,0.253,27.93,0,[FAST MODE - HIGH CONF],163.99,left
1711,person,0.294,28.11,0,[FAST MODE - HIGH CONF],177.0,left
1712,person,0.363,27.21,0,[FAST MODE - HIGH CONF],187.74,left
1713,person,0.253,26.64,0,[FAST MODE - HIGH CONF],169.66,left
1714,person,0.27,26.79,0,[FAST MODE - HIGH CONF],160.15,left
1715,person,0.622,25.94,0,[FAST MODE - HIGH CONF],162.68,left
1716,person,0.265,27.07,0,[FAST MODE - HIGH CONF],151.15,left
1717,person,0.276,26.81,0,[FAST MODE - HIGH CONF],159.7,left
1718,person,0.289,27.55,0,[FAST MODE - HIGH CONF],155.33,left
1719,person,0.264,27.58,0,[FAST MODE - HIGH CONF],161.09,left
1720,person,0.635,28.3,0,[FAST MODE - HIGH CONF],149.31,left
1721,person,0.256,28.49,0,[FAST MODE - HIGH CONF],158.71,right
1722,person,0.253,28.43,0,[FAST MODE - HIGH CONF],153.94,left
1723,person,0.252,28.39,0,[FAST MODE - HIGH CONF],141.5,left
1724,car,0.269,28.24,0,[FAST MODE - HIGH CONF],156.77,left
1725,person,0.252,29.17,0,[FAST MODE - HIGH CONF],176.06,left
1726,person,0.321,28.06,0,[FAST MODE - HIGH CONF],185.16,right
1727,person,0.311,28.69,0,[FAST MODE - HIGH CONF],206.66,right
1728,person,0.271,28.65,0,[FAST MODE - HIGH CONF],166.85,right
1729,person,0.354,28.34,0,[FAST MODE - HIGH CONF],163.7,right
1730,person,0.289,28.07,0,[FAST MODE - HIGH CONF],189.0,right
1731,person,0.263,27.31,0,[FAST MODE - HIGH CONF],190.55,left
1732,person,0.269,27.87,0,[FAST MODE - HIGH CONF],156.43,left
1733,person,0.276,27.18,0,[FAST MODE - HIGH CONF],170.75,left
1734,person,0.255,27.32,0,[FAST MODE - HIGH CONF],158.0,left
1735,person,0.251,28.03,0,[FAST MODE - HIGH CONF],164.44,left
1736,person,0.25,27.08,0,[FAST MODE - HIGH CONF],180.18,left
1737,,,,0,,157.41,none
1738,person,0.309,27.59,0,[FAST MODE - HIGH CONF],167.6,left
1739,person,0.387,26.16,0,[FAST MODE - HIGH CONF],171.41,left
1740,person,0.368,26.29,0,[FAST MODE - HIGH CONF],141.34,left
1741,person,0.274,27.06,0,[FAST MODE - HIGH CONF],150.82,left
1742,,,,0,,146.62,none
1743,person,0.305,26.42,0,[FAST MODE - HIGH CONF],167.62,left
1744,person,0.279,26.84,0,[FAST MODE - HIGH CONF],161.88,left
1745,person,0.37,27.2,0,[FAST MODE - HIGH CONF],144.26,left
1746,person,0.256,27.69,0,[FAST MODE - HIGH CONF],159.07,right
1747,person,0.301,26.19,0,[FAST MODE - HIGH CONF],170.4,left
1748,,,,0,,160.61,none
1749,person,0.263,26.59,0,[FAST MODE - HIGH CONF],150.22,left
1750,person,0.323,25.97,0,[FAST MODE - HIGH CONF],161.49,left
1751,person,0.278,28.34,0,[FAST MODE - HIGH CONF],132.8,right
1752,person,0.312,28.1,0,[FAST MODE - HIGH CONF],153.93,right
1753,person,0.311,27.77,0,[FAST MODE - HIGH CONF],144.31,right
1754,person,0.256,26.69,0,[FAST MODE - HIGH CONF],154.68,left
1755,person,0.304,28.12,0,[FAST MODE - HIGH CONF],152.8,right
1756,person,0.342,28.41,0,[FAST MODE - HIGH CONF],130.38,right
1757,person,0.3,28.71,0,[FAST MODE - HIGH CONF],114.59,right
1758,person,0.262,28.78,0,[FAST MODE - HIGH CONF],124.44,right
1759,,,,0,,137.68,none
1760,person,0.277,29.03,0,[FAST MODE - HIGH CONF],117.15,right
1761,person,0.284,28.4,0,[FAST MODE - HIGH CONF],126.49,right
1762,person,0.275,26.91,0,[FAST MODE - HIGH CONF],143.74,left
1763,person,0.296,27.38,0,[FAST MODE - HIGH CONF],145.36,left
1764,,,,0,,126.47,none
1765,,,,0,,139.55,none
1766,,,,0,,149.59,none
1767,,,,0,,154.63,none
1768,,,,0,,141.93,none
1769,,,,0,,114.44,none
1770,,,,0,,130.07,none
1771,,,,0,,147.84,none
1772,,,,0,,139.85,none
1773,,,,0,,165.83,none
1774,person,0.252,28.08,0,[FAST MODE - HIGH CONF],169.49,right
1775,person,0.256,27.77,0,[FAST MODE - HIGH CONF],122.45,right
1776,car,0.262,24.78,0,[FAST MODE - HIGH CONF],137.82,left
1777,,,,0,,161.13,none
1778,,,,0,,155.63,none
1779,,,,0,,122.37,none
1780,,,,0,,119.03,none
1781,,,,0,,128.51,none
1782,,,,0,,146.12,none
1783,,,,0,,150.66,none
1784,,,,0,,142.82,none
1785,potted plant,0.258,26.58,0,[FAST MODE - HIGH CONF],152.12,left
1786,potted plant,0.367,27.23,0,[FAST MODE - HIGH CONF],141.59,left
1787,potted plant,0.257,27.37,0,[FAST MODE - HIGH CONF],164.15,left
1788,person,0.287,28.99,0,[FAST MODE - HIGH CONF],146.38,right
1789,person,0.278,28.93,0,[FAST MODE - HIGH CONF],140.86,right
1790,potted plant,0.274,26.73,0,[FAST MODE - HIGH CONF],147.68,left
1791,person,0.282,29.17,0,[FAST MODE - HIGH CONF],132.94,right
1792,person,0.263,29.18,0,[FAST MODE - HIGH CONF],144.41,right
1793,person,0.261,29.24,0,[FAST MODE - HIGH CONF],141.21,right
1794,person,0.279,29.43,0,[FAST MODE - HIGH CONF],140.86,right
1795,person,0.3,29.62,0,[FAST MODE - HIGH CONF],130.0,right
1796,person,0.337,29.35,0,[FAST MODE - HIGH CONF],120.65,right
